season,school_key,record_school_name,total_games,wins,losses,win_pct
2025,abilenechristianwildcats,Abilene Christian Wildcats,2,0,2,0
2025,airforcefalcons,Air Force Falcons,12,4,8,0.3333333333333333
2025,akronzips,Akron Zips,11,5,6,0.45454545454545453
2025,alabama,Alabama Crimson Tide,15,11,4,0.7333333333333333
2025,alcornstatebraves,Alcorn State Braves,1,0,1,0
2025,appstatemountaineers,App State Mountaineers,12,5,7,0.4166666666666667
2025,arizonastate,Arizona State Sun Devils,13,8,5,0.6153846153846154
2025,arizona,Arizona Wildcats,13,9,4,0.6923076923076923
2025,arkansasrazorbacks,Arkansas Razorbacks,12,2,10,0.16666666666666666
2025,arkansasstateredwolves,Arkansas State Red Wolves,11,6,5,0.5454545454545454
2025,arkansaspinebluffgoldenlions,Arkansas-Pine Bluff Golden Lions,1,0,1,0
2025,armyblackknights,Army Black Knights,12,7,5,0.5833333333333334
2025,auburn,Auburn Tigers,12,5,7,0.4166666666666667
2025,austinpeaygovernors,Austin Peay Governors,2,1,1,0.5
2025,byu,BYU Cougars,14,12,2,0.8571428571428571
2025,ballstatecardinals,Ball State Cardinals,12,4,8,0.3333333333333333
2025,baylor,Baylor Bears,12,5,7,0.4166666666666667
2025,bethunecookmanwildcats,Bethune-Cookman Wildcats,2,0,2,0
2025,boisestatebroncos,Boise State Broncos,13,9,4,0.6923076923076923
2025,bostoncollege,Boston College Eagles,12,2,10,0.16666666666666666
2025,bowlinggreenfalcons,Bowling Green Falcons,11,3,8,0.2727272727272727
2025,bryantbulldogs,Bryant Bulldogs,2,1,1,0.5
2025,bucknellbison,Bucknell Bison,1,0,1,0
2025,buffalobulls,Buffalo Bulls,11,5,6,0.45454545454545453
2025,california,California Golden Bears,15,8,7,0.5333333333333333
2025,campbellfightingcamels,Campbell Fighting Camels,2,0,2,0
2025,centralarkansasbears,Central Arkansas Bears,1,0,1,0
2025,centralconnecticutbluedevils,Central Connecticut Blue Devils,1,0,1,0
2025,centralmichiganchippewas,Central Michigan Chippewas,13,7,6,0.5384615384615384
2025,charlestonsouthernbuccaneers,Charleston Southern Buccaneers,2,0,2,0
2025,charlotte49ers,Charlotte 49ers,12,1,11,0.08333333333333333
2025,chattanoogamocs,Chattanooga Mocs,1,0,1,0
2025,cincinnatibearcats,Cincinnati Bearcats,12,7,5,0.5833333333333334
2025,clemson,Clemson Tigers,13,7,6,0.5384615384615384
2025,coastalcarolinachanticleers,Coastal Carolina Chanticleers,13,6,7,0.46153846153846156
2025,colgateraiders,Colgate Raiders,1,0,1,0
2025,colorado,Colorado Buffaloes,24,5,19,0.20833333333333334
2025,delawarebluehens,Delaware Blue Hens,12,6,6,0.5
2025,dukebluedevils,Duke Blue Devils,13,8,5,0.6153846153846154
2025,duquesnedukes,Duquesne Dukes,2,0,2,0
2025,eastcarolinapirates,East Carolina Pirates,10,8,2,0.8
2025,easttennesseestatebuccaneers,East Tennessee State Buccaneers,1,0,1,0
2025,easttexasaandmlions,East Texas A&M Lions,2,0,2,0
2025,easternillinoispanthers,Eastern Illinois Panthers,1,0,1,0
2025,easternkentuckycolonels,Eastern Kentucky Colonels,2,0,2,0
2025,easternmichiganeagles,Eastern Michigan Eagles,12,4,8,0.3333333333333333
2025,easternwashingtoneagles,Eastern Washington Eagles,2,0,2,0
2025,florida,Florida International Panthers,36,15,21,0.4166666666666667
2025,floridastate,Florida State Seminoles,12,5,7,0.4166666666666667
2025,fordhamrams,Fordham Rams,1,0,1,0
2025,fresnostatebulldogs,Fresno State Bulldogs,13,9,4,0.6923076923076923
2025,furmanpaladins,Furman Paladins,1,0,1,0
2025,gardnerwebbrunninbulldogs,Gardner-Webb Runnin' Bulldogs,2,0,2,0
2025,georgia,Georgia Tech Yellow Jackets,46,27,19,0.5869565217391305
2025,gramblingtigers,Grambling Tigers,1,0,1,0
2025,hawaiirainbowwarriors,Hawai'i Rainbow Warriors,13,9,4,0.6923076923076923
2025,holycrosscrusaders,Holy Cross Crusaders,1,0,1,0
2025,houston,Houston Cougars,13,9,4,0.6923076923076923
2025,howardbison,Howard Bison,1,0,1,0
2025,idahostatebengals,Idaho State Bengals,2,0,2,0
2025,idahovandals,Idaho Vandals,3,0,3,0
2025,illinois,Illinois Fighting Illini,16,10,6,0.625
2025,incarnatewordcardinals,Incarnate Word Cardinals,1,0,1,0
2025,indiana,Indiana Hoosiers,16,15,1,0.9375
2025,iowa,Iowa State Cyclones,24,17,7,0.7083333333333334
2025,jacksonstatetigers,Jackson State Tigers,1,0,1,0
2025,jacksonvillestategamecocks,Jacksonville State Gamecocks,12,8,4,0.6666666666666666
2025,jamesmadisondukes,James Madison Dukes,14,12,2,0.8571428571428571
2025,kansasjayhawks,Kansas Jayhawks,12,5,7,0.4166666666666667
2025,kansasstate,Kansas State Wildcats,12,6,6,0.5
2025,kennesawstateowls,Kennesaw State Owls,13,9,4,0.6923076923076923
2025,kentstategoldenflashes,Kent State Golden Flashes,12,5,7,0.4166666666666667
2025,kentucky,Kentucky Wildcats,12,5,7,0.4166666666666667
2025,lsu,LSU Tigers,13,7,6,0.5384615384615384
2025,lafayetteleopards,Lafayette Leopards,1,0,1,0
2025,lamarcardinals,Lamar Cardinals,1,0,1,0
2025,libertyflames,Liberty Flames,12,4,8,0.3333333333333333
2025,lindenwoodlions,Lindenwood Lions,2,0,2,0
2025,longislanduniversitysharks,Long Island University Sharks,2,1,1,0.5
2025,louisianaragincajuns,Louisiana Ragin' Cajuns,12,5,7,0.4166666666666667
2025,louisianatechbulldogs,Louisiana Tech Bulldogs,12,8,4,0.6666666666666666
2025,louisville,Louisville Cardinals,13,9,4,0.6923076923076923
2025,maineblackbears,Maine Black Bears,2,0,2,0
2025,marshallthunderingherd,Marshall Thundering Herd,12,5,7,0.4166666666666667
2025,maryland,Maryland Terrapins,12,4,8,0.3333333333333333
2025,massachusettsminutemen,Massachusetts Minutemen,12,0,12,0
2025,mcneesecowboys,McNeese Cowboys,2,0,2,0
2025,memphistigers,Memphis Tigers,13,8,5,0.6153846153846154
2025,mercerbears,Mercer Bears,1,0,1,0
2025,mercyhurstlakers,Mercyhurst Lakers,1,0,1,0
2025,merrimackwarriors,Merrimack Warriors,2,0,2,0
2025,miami,Miami Hurricanes,29,20,9,0.6896551724137931
2025,michiganstate,Michigan State Spartans,12,4,8,0.3333333333333333
2025,michigan,Michigan Wolverines,13,9,4,0.6923076923076923
2025,middletennesseeblueraiders,Middle Tennessee Blue Raiders,12,3,9,0.25
2025,minnesota,Minnesota Golden Gophers,12,7,5,0.5833333333333334
2025,mississippistate,Mississippi State Bulldogs,13,5,8,0.38461538461538464
2025,missouri,Missouri State Bears,24,14,10,0.5833333333333334
2025,monmouthhawks,Monmouth Hawks,1,0,1,0
2025,montanagrizzlies,Montana Grizzlies,1,1,0,1
2025,montanastatebobcats,Montana State Bobcats,1,0,1,0
2025,morganstatebears,Morgan State Bears,2,0,2,0
2025,murraystateracers,Murray State Racers,2,0,2,0
2025,ncstate,NC State Wolfpack,11,6,5,0.5454545454545454
2025,navymidshipmen,Navy Midshipmen,13,11,2,0.8461538461538461
2025,nebraska,Nebraska Cornhuskers,12,6,6,0.5
2025,nevadawolfpack,Nevada Wolf Pack,12,3,9,0.25
2025,newhampshirewildcats,New Hampshire Wildcats,1,0,1,0
2025,newmexicolobos,New Mexico Lobos,13,9,4,0.6923076923076923
2025,newmexicostateaggies,New Mexico State Aggies,12,4,8,0.3333333333333333
2025,nichollscolonels,Nicholls Colonels,2,0,2,0
2025,norfolkstatespartans,Norfolk State Spartans,1,0,1,0
2025,northalabamalions,North Alabama Lions,1,0,1,0
2025,northcarolina,North Carolina Tar Heels,14,4,10,0.2857142857142857
2025,northdakotafightinghawks,North Dakota Fighting Hawks,2,0,2,0
2025,northdakotastatebison,North Dakota State Bison,13,12,1,0.9230769230769231
2025,northtexasmeangreen,North Texas Mean Green,14,12,2,0.8571428571428571
2025,northernarizonalumberjacks,Northern Arizona Lumberjacks,1,0,1,0
2025,northerncoloradobears,Northern Colorado Bears,2,0,2,0
2025,northernillinoishuskies,Northern Illinois Huskies,12,3,9,0.25
2025,northerniowapanthers,Northern Iowa Panthers,2,0,2,0
2025,northwesternstatedemons,Northwestern State Demons,2,0,2,0
2025,northwesternwildcats,Northwestern Wildcats,13,7,6,0.5384615384615384
2025,notredame,Notre Dame Fighting Irish,12,10,2,0.8333333333333334
2025,ohiobobcats,Ohio Bobcats,12,9,3,0.75
2025,ohiostate,Ohio State Buckeyes,14,12,2,0.8571428571428571
2025,oklahoma,Oklahoma Sooners,13,10,3,0.7692307692307693
2025,oklahomastate,Oklahoma State Cowboys,11,0,11,0
2025,olddominionmonarchs,Old Dominion Monarchs,13,10,3,0.7692307692307693
2025,olemiss,Ole Miss Rebels,14,12,2,0.8571428571428571
2025,oregon,Oregon Ducks,25,14,11,0.56
2025,pennstate,Penn State Nittany Lions,13,7,6,0.5384615384615384
2025,pittsburgh,Pittsburgh Panthers,13,8,5,0.6153846153846154
2025,portlandstatevikings,Portland State Vikings,3,0,3,0
2025,prairieviewaandmpanthers,Prairie View A&M Panthers,1,0,1,0
2025,purdueboilermakers,Purdue Boilermakers,12,2,10,0.16666666666666666
2025,rhodeislandrams,Rhode Island Rams,1,0,1,0
2025,riceowls,Rice Owls,13,5,8,0.38461538461538464
2025,richmondspiders,Richmond Spiders,1,0,1,0
2025,robertmorriscolonials,Robert Morris Colonials,1,0,1,0
2025,rutgersscarletknights,Rutgers Scarlet Knights,11,4,7,0.36363636363636365
2025,selouisianalions,SE Louisiana Lions,2,0,2,0
2025,smu,SMU Mustangs,13,9,4,0.6923076923076923
2025,sacramentostatehornets,Sacramento State Hornets,12,7,5,0.5833333333333334
2025,saintfrancisredflash,Saint Francis Red Flash,1,0,1,0
2025,samhoustonbearkats,Sam Houston Bearkats,11,2,9,0.18181818181818182
2025,samfordbulldogs,Samford Bulldogs,2,0,2,0
2025,sandiegostateaztecs,San Diego State Aztecs,12,8,4,0.6666666666666666
2025,sanjosstatespartans,San José State Spartans,12,3,9,0.25
2025,southalabamajaguars,South Alabama Jaguars,11,3,8,0.2727272727272727
2025,southcarolina,South Carolina Gamecocks,13,4,9,0.3076923076923077
2025,southdakotacoyotes,South Dakota Coyotes,2,0,2,0
2025,southdakotastatejackrabbits,South Dakota State Jackrabbits,2,1,1,0.5
2025,southfloridabulls,South Florida Bulls,11,7,4,0.6363636363636364
2025,southeastmissouristateredhawks,Southeast Missouri State Redhawks,2,0,2,0
2025,southernillinoissalukis,Southern Illinois Salukis,2,0,2,0
2025,southernjaguars,Southern Jaguars,1,0,1,0
2025,southernmissgoldeneagles,Southern Miss Golden Eagles,12,6,6,0.5
2025,stthomasminnesotatommies,St. Thomas-Minnesota Tommies,1,0,1,0
2025,stanfordcardinal,Stanford Cardinal,12,4,8,0.3333333333333333
2025,syracuse,Syracuse Orange,12,3,9,0.25
2025,tcuhornedfrogs,TCU Horned Frogs,13,9,4,0.6923076923076923
2025,tarletonstatetexans,Tarleton State Texans,1,1,0,1
2025,templeowls,Temple Owls,12,5,7,0.4166666666666667
2025,tennessee,Tennessee Volunteers,15,8,7,0.5333333333333333
2025,texas,Texas Longhorns,39,28,11,0.717948717948718
2025,texastech,Texas Tech Red Raiders,13,12,1,0.9230769230769231
2025,thecitadelbulldogs,The Citadel Bulldogs,2,0,2,0
2025,toledorockets,Toledo Rockets,13,8,5,0.6153846153846154
2025,towsontigers,Towson Tigers,1,0,1,0
2025,troytrojans,Troy Trojans,14,8,6,0.5714285714285714
2025,tulanegreenwave,Tulane Green Wave,13,10,3,0.7692307692307693
2025,tulsagoldenhurricane,Tulsa Golden Hurricane,12,4,8,0.3333333333333333
2025,uabblazers,UAB Blazers,11,3,8,0.2727272727272727
2025,ualbanygreatdanes,UAlbany Great Danes,1,0,1,0
2025,ucdavisaggies,UC Davis Aggies,2,1,1,0.5
2025,ucf,UCF Knights,11,4,7,0.36363636363636365
2025,ucla,UCLA Bruins,12,3,9,0.25
2025,uconnhuskies,UConn Huskies,13,9,4,0.6923076923076923
2025,ulmonroewarhawks,UL Monroe Warhawks,11,2,9,0.18181818181818182
2025,unlv,UNLV Rebels,14,10,4,0.7142857142857143
2025,usc,USC Trojans,13,9,4,0.6923076923076923
2025,utmartinskyhawks,UT Martin Skyhawks,2,0,2,0
2025,utep,UTEP Miners,12,2,10,0.16666666666666666
2025,utsaroadrunners,UTSA Roadrunners,12,7,5,0.5833333333333334
2025,utah,Utah State Aggies,26,17,9,0.6538461538461539
2025,vmikeydets,VMI Keydets,1,0,1,0
2025,vanderbilt,Vanderbilt Commodores,13,10,3,0.7692307692307693
2025,villanovawildcats,Villanova Wildcats,1,0,1,0
2025,virginia,Virginia Cavaliers,25,14,11,0.56
2025,wagnerseahawks,Wagner Seahawks,2,0,2,0
2025,wakeforestdemondeacons,Wake Forest Demon Deacons,12,9,3,0.75
2025,washington,Washington State Cougars,25,15,10,0.6
2025,weberstatewildcats,Weber State Wildcats,3,0,3,0
2025,westvirginia,West Virginia Mountaineers,12,4,8,0.3333333333333333
2025,westerncarolinacatamounts,Western Carolina Catamounts,1,0,1,0
2025,westernillinoisleathernecks,Western Illinois Leathernecks,2,0,2,0
2025,westernkentuckyhilltoppers,Western Kentucky Hilltoppers,13,9,4,0.6923076923076923
2025,westernmichiganbroncos,Western Michigan Broncos,14,10,4,0.7142857142857143
2025,williamandmarytribe,William & Mary Tribe,1,0,1,0
2025,wisconsin,Wisconsin Badgers,11,3,8,0.2727272727272727
2025,woffordterriers,Wofford Terriers,1,0,1,0
2025,wyomingcowboys,Wyoming Cowboys,11,3,8,0.2727272727272727
2025,youngstownstatepenguins,Youngstown State Penguins,2,0,2,0
