season,school,school_key,total_games,wins,losses,win_pct,record_source,conference,conference_ratings,srs_rating,sos,ap_pre,ap_high,ap_post,points_per_game,yards_per_game,pass_yards,rush_yards,turnovers,points_allowed_per_game,yards_allowed_per_game,total_public_nil_value,avg_public_nil_value,median_public_nil_value,top_player_nil_value,top3_nil_value,qb_nil_value,skill_position_nil_value,nil_players_counted,qb_nil_share,skill_position_nil_share,nil_concentration,total_athletic_revenue,total_athletic_expenses,football_spending,football_coaching_salaries,donor_contributions,source,nil_value_millions,wins_per_million_nil,nil_percentile,spending_percentile,power_conference,expected_win_pct,nil_roi_score,roi_group
2025,Air Force Falcons,airforcefalcons,2,1,1,0.5,ESPN public scoreboard JSON,Unknown,NA,NA,NA,NA,NA,NA,NA,NA,NA,NA,NA,NA,NA,0,0,0,0,0,0,0,0,NA,NA,NA,NA,NA,0,NA,NA,NA,0,NA,0,0,Other FBS,NA,NA,Not enough model data
2025,Akron Zips,akronzips,4,2,2,0.5,ESPN public scoreboard JSON,Unknown,NA,NA,NA,NA,NA,NA,NA,NA,NA,NA,NA,NA,NA,0,0,0,0,0,0,0,0,NA,NA,NA,NA,NA,0,NA,NA,NA,0,NA,0,0,Other FBS,NA,NA,Not enough model data
2025,Alabama Crimson Tide,alabamacrimsontide,12,10,2,0.833333333333333,ESPN public scoreboard JSON,Unknown,NA,NA,NA,NA,NA,NA,NA,NA,NA,NA,NA,NA,NA,0,0,0,0,0,0,0,0,NA,NA,NA,NA,NA,0,NA,NA,NA,0,NA,0,0,Other FBS,NA,NA,Not enough model data
2025,Alabama State Hornets,alabamastatehornets,1,0,1,0,ESPN public scoreboard JSON,Unknown,NA,NA,NA,NA,NA,NA,NA,NA,NA,NA,NA,NA,NA,0,0,0,0,0,0,0,0,NA,NA,NA,NA,NA,0,NA,NA,NA,0,NA,0,0,Other FBS,NA,NA,Not enough model data
2025,App State Mountaineers,appstatemountaineers,1,0,1,0,ESPN public scoreboard JSON,Unknown,NA,NA,NA,NA,NA,NA,NA,NA,NA,NA,NA,NA,NA,0,0,0,0,0,0,0,0,NA,NA,NA,NA,NA,0,NA,NA,NA,0,NA,0,0,Other FBS,NA,NA,Not enough model data
2025,Arizona State Sun Devils,arizonastatesundevils,5,2,3,0.4,ESPN public scoreboard JSON,Unknown,NA,NA,NA,NA,NA,NA,NA,NA,NA,NA,NA,NA,NA,0,0,0,0,0,0,0,0,NA,NA,NA,NA,NA,0,NA,NA,NA,0,NA,0,0,Other FBS,NA,NA,Not enough model data
2025,Arizona Wildcats,arizonawildcats,4,2,2,0.5,ESPN public scoreboard JSON,Unknown,NA,NA,NA,NA,NA,NA,NA,NA,NA,NA,NA,NA,NA,0,0,0,0,0,0,0,0,NA,NA,NA,NA,NA,0,NA,NA,NA,0,NA,0,0,Other FBS,NA,NA,Not enough model data
2025,Arkansas Razorbacks,arkansasrazorbacks,6,0,6,0,ESPN public scoreboard JSON,Unknown,NA,NA,NA,NA,NA,NA,NA,NA,NA,NA,NA,NA,NA,0,0,0,0,0,0,0,0,NA,NA,NA,NA,NA,0,NA,NA,NA,0,NA,0,0,Other FBS,NA,NA,Not enough model data
2025,Arkansas State Red Wolves,arkansasstateredwolves,3,1,2,0.3333333333333329,ESPN public scoreboard JSON,Unknown,NA,NA,NA,NA,NA,NA,NA,NA,NA,NA,NA,NA,NA,0,0,0,0,0,0,0,0,NA,NA,NA,NA,NA,0,NA,NA,NA,0,NA,0,0,Other FBS,NA,NA,Not enough model data
2025,Army Black Knights,armyblackknights,4,1,3,0.25,ESPN public scoreboard JSON,Unknown,NA,NA,NA,NA,NA,NA,NA,NA,NA,NA,NA,NA,NA,0,0,0,0,0,0,0,0,NA,NA,NA,NA,NA,0,NA,NA,NA,0,NA,0,0,Other FBS,NA,NA,Not enough model data
2025,Auburn Tigers,auburntigers,7,1,6,0.14285714285714304,ESPN public scoreboard JSON,Unknown,NA,NA,NA,NA,NA,NA,NA,NA,NA,NA,NA,NA,NA,0,0,0,0,0,0,0,0,NA,NA,NA,NA,NA,0,NA,NA,NA,0,NA,0,0,Other FBS,NA,NA,Not enough model data
2025,Austin Peay Governors,austinpeaygovernors,1,0,1,0,ESPN public scoreboard JSON,Unknown,NA,NA,NA,NA,NA,NA,NA,NA,NA,NA,NA,NA,NA,0,0,0,0,0,0,0,0,NA,NA,NA,NA,NA,0,NA,NA,NA,0,NA,0,0,Other FBS,NA,NA,Not enough model data
2025,BYU Cougars,byucougars,10,8,2,0.8,ESPN public scoreboard JSON,Unknown,NA,NA,NA,NA,NA,NA,NA,NA,NA,NA,NA,NA,NA,0,0,0,0,0,0,0,0,NA,NA,NA,NA,NA,0,NA,NA,NA,0,NA,0,0,Other FBS,NA,NA,Not enough model data
2025,Ball State Cardinals,ballstatecardinals,1,1,0,1,ESPN public scoreboard JSON,Unknown,NA,NA,NA,NA,NA,NA,NA,NA,NA,NA,NA,NA,NA,0,0,0,0,0,0,0,0,NA,NA,NA,NA,NA,0,NA,NA,NA,0,NA,0,0,Other FBS,NA,NA,Not enough model data
2025,Baylor Bears,baylorbears,4,2,2,0.5,ESPN public scoreboard JSON,Unknown,NA,NA,NA,NA,NA,NA,NA,NA,NA,NA,NA,NA,NA,0,0,0,0,0,0,0,0,NA,NA,NA,NA,NA,0,NA,NA,NA,0,NA,0,0,Other FBS,NA,NA,Not enough model data
2025,Bethune-Cookman Wildcats,bethunecookmanwildcats,1,0,1,0,ESPN public scoreboard JSON,Unknown,NA,NA,NA,NA,NA,NA,NA,NA,NA,NA,NA,NA,NA,0,0,0,0,0,0,0,0,NA,NA,NA,NA,NA,0,NA,NA,NA,0,NA,0,0,Other FBS,NA,NA,Not enough model data
2025,Boise State Broncos,boisestatebroncos,6,4,2,0.6666666666666669,ESPN public scoreboard JSON,Unknown,NA,NA,NA,NA,NA,NA,NA,NA,NA,NA,NA,NA,NA,0,0,0,0,0,0,0,0,NA,NA,NA,NA,NA,0,NA,NA,NA,0,NA,0,0,Other FBS,NA,NA,Not enough model data
2025,Boston College Eagles,bostoncollegeeagles,5,0,5,0,ESPN public scoreboard JSON,Unknown,NA,NA,NA,NA,NA,NA,NA,NA,NA,NA,NA,NA,NA,0,0,0,0,0,0,0,0,NA,NA,NA,NA,NA,0,NA,NA,NA,0,NA,0,0,Other FBS,NA,NA,Not enough model data
2025,Bowling Green Falcons,bowlinggreenfalcons,5,2,3,0.4,ESPN public scoreboard JSON,Unknown,NA,NA,NA,NA,NA,NA,NA,NA,NA,NA,NA,NA,NA,0,0,0,0,0,0,0,0,NA,NA,NA,NA,NA,0,NA,NA,NA,0,NA,0,0,Other FBS,NA,NA,Not enough model data
2025,Buffalo Bulls,buffalobulls,4,0,4,0,ESPN public scoreboard JSON,Unknown,NA,NA,NA,NA,NA,NA,NA,NA,NA,NA,NA,NA,NA,0,0,0,0,0,0,0,0,NA,NA,NA,NA,NA,0,NA,NA,NA,0,NA,0,0,Other FBS,NA,NA,Not enough model data
2025,California Golden Bears,californiagoldenbears,4,2,2,0.5,ESPN public scoreboard JSON,Unknown,NA,NA,NA,NA,NA,NA,NA,NA,NA,NA,NA,NA,NA,0,0,0,0,0,0,0,0,NA,NA,NA,NA,NA,0,NA,NA,NA,0,NA,0,0,Other FBS,NA,NA,Not enough model data
2025,Central Arkansas Bears,centralarkansasbears,1,0,1,0,ESPN public scoreboard JSON,Unknown,NA,NA,NA,NA,NA,NA,NA,NA,NA,NA,NA,NA,NA,0,0,0,0,0,0,0,0,NA,NA,NA,NA,NA,0,NA,NA,NA,0,NA,0,0,Other FBS,NA,NA,Not enough model data
2025,Central Michigan Chippewas,centralmichiganchippewas,3,2,1,0.6666666666666669,ESPN public scoreboard JSON,Unknown,NA,NA,NA,NA,NA,NA,NA,NA,NA,NA,NA,NA,NA,0,0,0,0,0,0,0,0,NA,NA,NA,NA,NA,0,NA,NA,NA,0,NA,0,0,Other FBS,NA,NA,Not enough model data
2025,Charlotte 49ers,charlotte49ers,4,0,4,0,ESPN public scoreboard JSON,Unknown,NA,NA,NA,NA,NA,NA,NA,NA,NA,NA,NA,NA,NA,0,0,0,0,0,0,0,0,NA,NA,NA,NA,NA,0,NA,NA,NA,0,NA,0,0,Other FBS,NA,NA,Not enough model data
2025,Cincinnati Bearcats,cincinnatibearcats,6,3,3,0.5,ESPN public scoreboard JSON,Unknown,NA,NA,NA,NA,NA,NA,NA,NA,NA,NA,NA,NA,NA,0,0,0,0,0,0,0,0,NA,NA,NA,NA,NA,0,NA,NA,NA,0,NA,0,0,Other FBS,NA,NA,Not enough model data
