season,school,conference,wins,losses,win_pct,srs_rating,sos,total_public_nil_value,nil_roi_score,roi_group
2025,Air Force Falcons,Unknown,1,1,0.5,NA,NA,0,NA,Not enough model data
2025,Akron Zips,Unknown,2,2,0.5,NA,NA,0,NA,Not enough model data
2025,Alabama Crimson Tide,Unknown,10,2,0.833333333333333,NA,NA,0,NA,Not enough model data
2025,Alabama State Hornets,Unknown,0,1,0,NA,NA,0,NA,Not enough model data
2025,App State Mountaineers,Unknown,0,1,0,NA,NA,0,NA,Not enough model data
2025,Arizona State Sun Devils,Unknown,2,3,0.4,NA,NA,0,NA,Not enough model data
2025,Arizona Wildcats,Unknown,2,2,0.5,NA,NA,0,NA,Not enough model data
2025,Arkansas Razorbacks,Unknown,0,6,0,NA,NA,0,NA,Not enough model data
2025,Arkansas State Red Wolves,Unknown,1,2,0.3333333333333329,NA,NA,0,NA,Not enough model data
2025,Army Black Knights,Unknown,1,3,0.25,NA,NA,0,NA,Not enough model data
2025,Auburn Tigers,Unknown,1,6,0.14285714285714304,NA,NA,0,NA,Not enough model data
2025,Austin Peay Governors,Unknown,0,1,0,NA,NA,0,NA,Not enough model data
2025,BYU Cougars,Unknown,8,2,0.8,NA,NA,0,NA,Not enough model data
2025,Ball State Cardinals,Unknown,1,0,1,NA,NA,0,NA,Not enough model data
2025,Baylor Bears,Unknown,2,2,0.5,NA,NA,0,NA,Not enough model data
2025,Bethune-Cookman Wildcats,Unknown,0,1,0,NA,NA,0,NA,Not enough model data
2025,Boise State Broncos,Unknown,4,2,0.6666666666666669,NA,NA,0,NA,Not enough model data
2025,Boston College Eagles,Unknown,0,5,0,NA,NA,0,NA,Not enough model data
2025,Bowling Green Falcons,Unknown,2,3,0.4,NA,NA,0,NA,Not enough model data
2025,Buffalo Bulls,Unknown,0,4,0,NA,NA,0,NA,Not enough model data
2025,California Golden Bears,Unknown,2,2,0.5,NA,NA,0,NA,Not enough model data
2025,Central Arkansas Bears,Unknown,0,1,0,NA,NA,0,NA,Not enough model data
2025,Central Michigan Chippewas,Unknown,2,1,0.6666666666666669,NA,NA,0,NA,Not enough model data
2025,Charlotte 49ers,Unknown,0,4,0,NA,NA,0,NA,Not enough model data
2025,Cincinnati Bearcats,Unknown,3,3,0.5,NA,NA,0,NA,Not enough model data
2025,Clemson Tigers,Unknown,3,2,0.6,NA,NA,0,NA,Not enough model data
2025,Coastal Carolina Chanticleers,Unknown,1,0,1,NA,NA,0,NA,Not enough model data
2025,Colgate Raiders,Unknown,0,1,0,NA,NA,0,NA,Not enough model data
2025,Colorado Buffaloes,Unknown,1,3,0.25,NA,NA,0,NA,Not enough model data
2025,Colorado State Rams,Unknown,1,2,0.3333333333333329,NA,NA,0,NA,Not enough model data
2025,Delaware Blue Hens,Unknown,2,2,0.5,NA,NA,0,NA,Not enough model data
2025,Delaware State Hornets,Unknown,0,1,0,NA,NA,0,NA,Not enough model data
2025,Duke Blue Devils,Unknown,3,3,0.5,NA,NA,0,NA,Not enough model data
2025,East Carolina Pirates,Unknown,2,2,0.5,NA,NA,0,NA,Not enough model data
2025,East Tennessee State Buccaneers,Unknown,0,1,0,NA,NA,0,NA,Not enough model data
2025,East Texas A&M Lions,Unknown,0,1,0,NA,NA,0,NA,Not enough model data
2025,Eastern Illinois Panthers,Unknown,0,1,0,NA,NA,0,NA,Not enough model data
2025,Eastern Michigan Eagles,Unknown,0,1,0,NA,NA,0,NA,Not enough model data
2025,Eastern Washington Eagles,Unknown,0,1,0,NA,NA,0,NA,Not enough model data
2025,Elon Phoenix,Unknown,0,1,0,NA,NA,0,NA,Not enough model data
2025,Florida Atlantic Owls,Unknown,0,1,0,NA,NA,0,NA,Not enough model data
2025,Florida Gators,Unknown,1,7,0.125,NA,NA,0,NA,Not enough model data
2025,Florida International Panthers,Unknown,1,3,0.25,NA,NA,0,NA,Not enough model data
2025,Florida State Seminoles,Unknown,2,3,0.4,NA,NA,0,NA,Not enough model data
2025,Fresno State Bulldogs,Unknown,0,2,0,NA,NA,0,NA,Not enough model data
2025,Georgia Bulldogs,Unknown,11,1,0.916666666666667,NA,NA,0,NA,Not enough model data
2025,Georgia Southern Eagles,Unknown,1,1,0.5,NA,NA,0,NA,Not enough model data
2025,Georgia State Panthers,Unknown,0,2,0,NA,NA,0,NA,Not enough model data
2025,Georgia Tech Yellow Jackets,Unknown,7,3,0.7,NA,NA,0,NA,Not enough model data
2025,Grambling Tigers,Unknown,0,1,0,NA,NA,0,NA,Not enough model data
2025,Hawai'i Rainbow Warriors,Unknown,1,1,0.5,NA,NA,0,NA,Not enough model data
2025,Houston Cougars,Unknown,4,3,0.5714285714285712,NA,NA,0,NA,Not enough model data
2025,Idaho State Bengals,Unknown,0,1,0,NA,NA,0,NA,Not enough model data
2025,Illinois Fighting Illini,Unknown,5,4,0.555555555555556,NA,NA,0,NA,Not enough model data
2025,Indiana Hoosiers,Unknown,12,0,1,NA,NA,0,NA,Not enough model data
2025,Indiana State Sycamores,Unknown,0,1,0,NA,NA,0,NA,Not enough model data
2025,Iowa Hawkeyes,Unknown,2,4,0.3333333333333329,NA,NA,0,NA,Not enough model data
2025,Iowa State Cyclones,Unknown,4,3,0.5714285714285712,NA,NA,0,NA,Not enough model data
2025,Jacksonville State Gamecocks,Unknown,3,2,0.6,NA,NA,0,NA,Not enough model data
2025,James Madison Dukes,Unknown,2,1,0.6666666666666669,NA,NA,0,NA,Not enough model data
2025,Kansas Jayhawks,Unknown,1,3,0.25,NA,NA,0,NA,Not enough model data
2025,Kansas State Wildcats,Unknown,1,5,0.166666666666667,NA,NA,0,NA,Not enough model data
2025,Kennesaw State Owls,Unknown,4,1,0.8,NA,NA,0,NA,Not enough model data
2025,Kent State Golden Flashes,Unknown,2,4,0.3333333333333329,NA,NA,0,NA,Not enough model data
2025,Kentucky Wildcats,Unknown,0,4,0,NA,NA,0,NA,Not enough model data
2025,LSU Tigers,Unknown,4,5,0.444444444444444,NA,NA,0,NA,Not enough model data
2025,Lafayette Leopards,Unknown,0,1,0,NA,NA,0,NA,Not enough model data
2025,Liberty Flames,Unknown,2,0,1,NA,NA,0,NA,Not enough model data
2025,Louisiana Ragin' Cajuns,Unknown,1,0,1,NA,NA,0,NA,Not enough model data
2025,Louisiana Tech Bulldogs,Unknown,1,3,0.25,NA,NA,0,NA,Not enough model data
2025,Louisville Cardinals,Unknown,6,3,0.6666666666666669,NA,NA,0,NA,Not enough model data
2025,Marshall Thundering Herd,Unknown,0,1,0,NA,NA,0,NA,Not enough model data
2025,Maryland Terrapins,Unknown,2,2,0.5,NA,NA,0,NA,Not enough model data
2025,Massachusetts Minutemen,Unknown,0,5,0,NA,NA,0,NA,Not enough model data
2025,Memphis Tigers,Unknown,3,2,0.6,NA,NA,0,NA,Not enough model data
2025,Miami Hurricanes,Unknown,9,2,0.8181818181818181,NA,NA,0,NA,Not enough model data
2025,Miami RedHawks,Unknown,1,4,0.2,NA,NA,0,NA,Not enough model data
2025,Michigan State Spartans,Unknown,1,2,0.3333333333333329,NA,NA,0,NA,Not enough model data
2025,Michigan Wolverines,Unknown,6,3,0.6666666666666669,NA,NA,0,NA,Not enough model data
2025,Middle Tennessee Blue Raiders,Unknown,0,3,0,NA,NA,0,NA,Not enough model data
2025,Minnesota Golden Gophers,Unknown,3,2,0.6,NA,NA,0,NA,Not enough model data
2025,Mississippi State Bulldogs,Unknown,1,5,0.166666666666667,NA,NA,0,NA,Not enough model data
2025,Missouri State Bears,Unknown,3,0,1,NA,NA,0,NA,Not enough model data
2025,Missouri Tigers,Unknown,4,4,0.5,NA,NA,0,NA,Not enough model data
2025,NC State Wolfpack,Unknown,4,2,0.6666666666666669,NA,NA,0,NA,Not enough model data
2025,Navy Midshipmen,Unknown,4,1,0.8,NA,NA,0,NA,Not enough model data
2025,Nebraska Cornhuskers,Unknown,1,4,0.2,NA,NA,0,NA,Not enough model data
2025,Nevada Wolf Pack,Unknown,0,1,0,NA,NA,0,NA,Not enough model data
2025,New Mexico Lobos,Unknown,2,1,0.6666666666666669,NA,NA,0,NA,Not enough model data
2025,New Mexico State Aggies,Unknown,1,3,0.25,NA,NA,0,NA,Not enough model data
2025,North Carolina Tar Heels,Unknown,1,3,0.25,NA,NA,0,NA,Not enough model data
2025,North Texas Mean Green,Unknown,3,2,0.6,NA,NA,0,NA,Not enough model data
2025,Northern Illinois Huskies,Unknown,1,4,0.2,NA,NA,0,NA,Not enough model data
2025,Northwestern Wildcats,Unknown,1,3,0.25,NA,NA,0,NA,Not enough model data
2025,Notre Dame Fighting Irish,Unknown,10,1,0.909090909090909,NA,NA,0,NA,Not enough model data
2025,Ohio Bobcats,Unknown,4,3,0.5714285714285712,NA,NA,0,NA,Not enough model data
2025,Ohio State Buckeyes,Unknown,11,1,0.916666666666667,NA,NA,0,NA,Not enough model data
2025,Oklahoma Sooners,Unknown,9,2,0.8181818181818181,NA,NA,0,NA,Not enough model data
2025,Oklahoma State Cowboys,Unknown,1,3,0.25,NA,NA,0,NA,Not enough model data
2025,Old Dominion Monarchs,Unknown,1,0,1,NA,NA,0,NA,Not enough model data
2025,Ole Miss Rebels,Unknown,10,1,0.909090909090909,NA,NA,0,NA,Not enough model data
2025,Oregon Ducks,Unknown,10,1,0.909090909090909,NA,NA,0,NA,Not enough model data
2025,Oregon State Beavers,Unknown,0,3,0,NA,NA,0,NA,Not enough model data
2025,Penn State Nittany Lions,Unknown,2,4,0.3333333333333329,NA,NA,0,NA,Not enough model data
2025,Pittsburgh Panthers,Unknown,2,3,0.4,NA,NA,0,NA,Not enough model data
2025,Purdue Boilermakers,Unknown,0,5,0,NA,NA,0,NA,Not enough model data
2025,Rice Owls,Unknown,1,1,0.5,NA,NA,0,NA,Not enough model data
2025,Rutgers Scarlet Knights,Unknown,1,5,0.166666666666667,NA,NA,0,NA,Not enough model data
2025,SE Louisiana Lions,Unknown,0,1,0,NA,NA,0,NA,Not enough model data
2025,SMU Mustangs,Unknown,2,2,0.5,NA,NA,0,NA,Not enough model data
2025,Saint Francis Red Flash,Unknown,0,1,0,NA,NA,0,NA,Not enough model data
2025,Sam Houston Bearkats,Unknown,0,6,0,NA,NA,0,NA,Not enough model data
2025,Samford Bulldogs,Unknown,0,1,0,NA,NA,0,NA,Not enough model data
2025,San Diego State Aztecs,Unknown,2,1,0.6666666666666669,NA,NA,0,NA,Not enough model data
2025,San José State Spartans,Unknown,1,2,0.3333333333333329,NA,NA,0,NA,Not enough model data
2025,South Alabama Jaguars,Unknown,1,3,0.25,NA,NA,0,NA,Not enough model data
2025,South Carolina Gamecocks,Unknown,1,7,0.125,NA,NA,0,NA,Not enough model data
2025,South Carolina State Bulldogs,Unknown,0,1,0,NA,NA,0,NA,Not enough model data
2025,South Florida Bulls,Unknown,6,3,0.6666666666666669,NA,NA,0,NA,Not enough model data
2025,Southern Miss Golden Eagles,Unknown,1,0,1,NA,NA,0,NA,Not enough model data
2025,Stanford Cardinal,Unknown,0,3,0,NA,NA,0,NA,Not enough model data
2025,Stephen F. Austin Lumberjacks,Unknown,0,1,0,NA,NA,0,NA,Not enough model data
2025,Stony Brook Seawolves,Unknown,0,1,0,NA,NA,0,NA,Not enough model data
2025,Syracuse Orange,Unknown,2,5,0.2857142857142861,NA,NA,0,NA,Not enough model data
2025,TCU Horned Frogs,Unknown,2,2,0.5,NA,NA,0,NA,Not enough model data
2025,Tarleton State Texans,Unknown,1,0,1,NA,NA,0,NA,Not enough model data
2025,Temple Owls,Unknown,0,3,0,NA,NA,0,NA,Not enough model data
2025,Tennessee Volunteers,Unknown,7,4,0.636363636363636,NA,NA,0,NA,Not enough model data
2025,Texas A&M Aggies,Unknown,10,1,0.909090909090909,NA,NA,0,NA,Not enough model data
2025,Texas Longhorns,Unknown,8,2,0.8,NA,NA,0,NA,Not enough model data
2025,Texas State Bobcats,Unknown,0,1,0,NA,NA,0,NA,Not enough model data
2025,Texas Tech Red Raiders,Unknown,10,1,0.909090909090909,NA,NA,0,NA,Not enough model data
2025,The Citadel Bulldogs,Unknown,0,1,0,NA,NA,0,NA,Not enough model data
2025,Toledo Rockets,Unknown,2,0,1,NA,NA,0,NA,Not enough model data
2025,Troy Trojans,Unknown,0,3,0,NA,NA,0,NA,Not enough model data
2025,Tulane Green Wave,Unknown,3,2,0.6,NA,NA,0,NA,Not enough model data
2025,Tulsa Golden Hurricane,Unknown,1,1,0.5,NA,NA,0,NA,Not enough model data
2025,UAB Blazers,Unknown,1,2,0.3333333333333329,NA,NA,0,NA,Not enough model data
2025,UCF Knights,Unknown,1,4,0.2,NA,NA,0,NA,Not enough model data
2025,UCLA Bruins,Unknown,1,3,0.25,NA,NA,0,NA,Not enough model data
2025,UL Monroe Warhawks,Unknown,1,1,0.5,NA,NA,0,NA,Not enough model data
2025,UNLV Rebels,Unknown,2,1,0.6666666666666669,NA,NA,0,NA,Not enough model data
2025,USC Trojans,Unknown,5,3,0.625,NA,NA,0,NA,Not enough model data
2025,UT Martin Skyhawks,Unknown,0,1,0,NA,NA,0,NA,Not enough model data
2025,UTEP Miners,Unknown,1,3,0.25,NA,NA,0,NA,Not enough model data
2025,UTSA Roadrunners,Unknown,1,1,0.5,NA,NA,0,NA,Not enough model data
2025,Utah State Aggies,Unknown,1,3,0.25,NA,NA,0,NA,Not enough model data
2025,Utah Utes,Unknown,6,2,0.75,NA,NA,0,NA,Not enough model data
2025,Vanderbilt Commodores,Unknown,8,2,0.8,NA,NA,0,NA,Not enough model data
2025,Villanova Wildcats,Unknown,0,1,0,NA,NA,0,NA,Not enough model data
2025,Virginia Cavaliers,Unknown,6,2,0.75,NA,NA,0,NA,Not enough model data
2025,Virginia Tech Hokies,Unknown,2,3,0.4,NA,NA,0,NA,Not enough model data
2025,Wake Forest Demon Deacons,Unknown,1,2,0.3333333333333329,NA,NA,0,NA,Not enough model data
2025,Washington Huskies,Unknown,2,3,0.4,NA,NA,0,NA,Not enough model data
2025,Washington State Cougars,Unknown,0,2,0,NA,NA,0,NA,Not enough model data
2025,West Virginia Mountaineers,Unknown,2,2,0.5,NA,NA,0,NA,Not enough model data
2025,Western Illinois Leathernecks,Unknown,0,2,0,NA,NA,0,NA,Not enough model data
2025,Western Kentucky Hilltoppers,Unknown,3,1,0.75,NA,NA,0,NA,Not enough model data
2025,Western Michigan Broncos,Unknown,4,2,0.6666666666666669,NA,NA,0,NA,Not enough model data
2025,Wisconsin Badgers,Unknown,3,6,0.3333333333333329,NA,NA,0,NA,Not enough model data
2025,Wofford Terriers,Unknown,0,1,0,NA,NA,0,NA,Not enough model data
2025,Wyoming Cowboys,Unknown,1,1,0.5,NA,NA,0,NA,Not enough model data
2024,Air Force Falcons,Unknown,0,1,0,NA,NA,0,NA,Not enough model data
2024,Akron Zips,Unknown,2,1,0.6666666666666669,NA,NA,0,NA,Not enough model data
2024,Alabama Crimson Tide,Unknown,7,3,0.7,NA,NA,0,NA,Not enough model data
2024,Alcorn State Braves,Unknown,0,1,0,NA,NA,0,NA,Not enough model data
2024,App State Mountaineers,Unknown,0,2,0,NA,NA,0,NA,Not enough model data
2024,Arizona State Sun Devils,Unknown,5,0,1,NA,NA,0,NA,Not enough model data
2024,Arizona Wildcats,Unknown,3,2,0.6,NA,NA,0,NA,Not enough model data
2024,Arkansas Razorbacks,Unknown,2,5,0.2857142857142861,NA,NA,0,NA,Not enough model data
2024,Arkansas State Red Wolves,Unknown,0,2,0,NA,NA,0,NA,Not enough model data
2024,Arkansas-Pine Bluff Golden Lions,Unknown,0,1,0,NA,NA,0,NA,Not enough model data
2024,Army Black Knights,Unknown,4,2,0.6666666666666669,NA,NA,0,NA,Not enough model data
2024,Auburn Tigers,Unknown,1,3,0.25,NA,NA,0,NA,Not enough model data
2024,BYU Cougars,Unknown,7,2,0.777777777777778,NA,NA,0,NA,Not enough model data
2024,Ball State Cardinals,Unknown,0,4,0,NA,NA,0,NA,Not enough model data
2024,Baylor Bears,Unknown,0,3,0,NA,NA,0,NA,Not enough model data
2024,Boise State Broncos,Unknown,10,1,0.909090909090909,NA,NA,0,NA,Not enough model data
2024,Boston College Eagles,Unknown,1,5,0.166666666666667,NA,NA,0,NA,Not enough model data
2024,Bowling Green Falcons,Unknown,3,3,0.5,NA,NA,0,NA,Not enough model data
2024,Buffalo Bulls,Unknown,6,3,0.6666666666666669,NA,NA,0,NA,Not enough model data
2024,California Golden Bears,Unknown,1,3,0.25,NA,NA,0,NA,Not enough model data
2024,Central Connecticut Blue Devils,Unknown,0,1,0,NA,NA,0,NA,Not enough model data
2024,Central Michigan Chippewas,Unknown,2,3,0.4,NA,NA,0,NA,Not enough model data
2024,Charlotte 49ers,Unknown,0,2,0,NA,NA,0,NA,Not enough model data
2024,Cincinnati Bearcats,Unknown,1,0,1,NA,NA,0,NA,Not enough model data
2024,Clemson Tigers,Unknown,7,1,0.8750000000000001,NA,NA,0,NA,Not enough model data
2024,Coastal Carolina Chanticleers,Unknown,2,1,0.6666666666666669,NA,NA,0,NA,Not enough model data
2024,Colorado Buffaloes,Unknown,4,2,0.6666666666666669,NA,NA,0,NA,Not enough model data
2024,Colorado State Rams,Unknown,2,0,1,NA,NA,0,NA,Not enough model data
2024,Delaware State Hornets,Unknown,0,1,0,NA,NA,0,NA,Not enough model data
2024,Duke Blue Devils,Unknown,2,2,0.5,NA,NA,0,NA,Not enough model data
2024,Duquesne Dukes,Unknown,0,1,0,NA,NA,0,NA,Not enough model data
2024,East Carolina Pirates,Unknown,2,2,0.5,NA,NA,0,NA,Not enough model data
2024,Eastern Illinois Panthers,Unknown,0,1,0,NA,NA,0,NA,Not enough model data
2024,Eastern Michigan Eagles,Unknown,0,2,0,NA,NA,0,NA,Not enough model data
2024,Florida A&M Rattlers,Unknown,0,1,0,NA,NA,0,NA,Not enough model data
2024,Florida Atlantic Owls,Unknown,0,2,0,NA,NA,0,NA,Not enough model data
2024,Florida Gators,Unknown,2,3,0.4,NA,NA,0,NA,Not enough model data
2024,Florida International Panthers,Unknown,1,3,0.25,NA,NA,0,NA,Not enough model data
2024,Florida State Seminoles,Unknown,0,6,0,NA,NA,0,NA,Not enough model data
2024,Fordham Rams,Unknown,0,1,0,NA,NA,0,NA,Not enough model data
2024,Fresno State Bulldogs,Unknown,1,0,1,NA,NA,0,NA,Not enough model data
2024,Georgia Bulldogs,Unknown,10,2,0.833333333333333,NA,NA,0,NA,Not enough model data
2024,Georgia Southern Eagles,Unknown,0,2,0,NA,NA,0,NA,Not enough model data
2024,Georgia State Panthers,Unknown,0,2,0,NA,NA,0,NA,Not enough model data
2024,Georgia Tech Yellow Jackets,Unknown,3,5,0.375,NA,NA,0,NA,Not enough model data
2024,Hawai'i Rainbow Warriors,Unknown,1,1,0.5,NA,NA,0,NA,Not enough model data
2024,Houston Cougars,Unknown,2,3,0.4,NA,NA,0,NA,Not enough model data
2024,Howard Bison,Unknown,0,1,0,NA,NA,0,NA,Not enough model data
2024,Illinois Fighting Illini,Unknown,6,3,0.6666666666666669,NA,NA,0,NA,Not enough model data
2024,Indiana Hoosiers,Unknown,8,1,0.8888888888888891,NA,NA,0,NA,Not enough model data
2024,Iowa Hawkeyes,Unknown,2,3,0.4,NA,NA,0,NA,Not enough model data
2024,Iowa State Cyclones,Unknown,6,3,0.6666666666666669,NA,NA,0,NA,Not enough model data
2024,Jackson State Tigers,Unknown,0,1,0,NA,NA,0,NA,Not enough model data
2024,Jacksonville State Gamecocks,Unknown,5,2,0.714285714285714,NA,NA,0,NA,Not enough model data
2024,James Madison Dukes,Unknown,2,0,1,NA,NA,0,NA,Not enough model data
2024,Kansas Jayhawks,Unknown,4,3,0.5714285714285712,NA,NA,0,NA,Not enough model data
2024,Kansas State Wildcats,Unknown,6,3,0.6666666666666669,NA,NA,0,NA,Not enough model data
2024,Kennesaw State Owls,Unknown,1,3,0.25,NA,NA,0,NA,Not enough model data
2024,Kent State Golden Flashes,Unknown,0,6,0,NA,NA,0,NA,Not enough model data
2024,Kentucky Wildcats,Unknown,1,3,0.25,NA,NA,0,NA,Not enough model data
2024,LSU Tigers,Unknown,6,2,0.75,NA,NA,0,NA,Not enough model data
2024,Lafayette Leopards,Unknown,0,1,0,NA,NA,0,NA,Not enough model data
2024,Liberty Flames,Unknown,1,3,0.25,NA,NA,0,NA,Not enough model data
2024,Lindenwood Lions,Unknown,0,1,0,NA,NA,0,NA,Not enough model data
2024,Louisiana Ragin' Cajuns,Unknown,1,1,0.5,NA,NA,0,NA,Not enough model data
2024,Louisiana Tech Bulldogs,Unknown,2,3,0.4,NA,NA,0,NA,Not enough model data
2024,Louisville Cardinals,Unknown,4,3,0.5714285714285712,NA,NA,0,NA,Not enough model data
2024,Maine Black Bears,Unknown,0,1,0,NA,NA,0,NA,Not enough model data
2024,Marshall Thundering Herd,Unknown,2,1,0.6666666666666669,NA,NA,0,NA,Not enough model data
2024,Maryland Terrapins,Unknown,1,4,0.2,NA,NA,0,NA,Not enough model data
2024,Massachusetts Minutemen,Unknown,0,4,0,NA,NA,0,NA,Not enough model data
2024,Memphis Tigers,Unknown,3,0,1,NA,NA,0,NA,Not enough model data
2024,Mercer Bears,Unknown,0,1,0,NA,NA,0,NA,Not enough model data
2024,Miami Hurricanes,Unknown,9,2,0.8181818181818181,NA,NA,0,NA,Not enough model data
2024,Miami RedHawks,Unknown,4,3,0.5714285714285712,NA,NA,0,NA,Not enough model data
2024,Michigan State Spartans,Unknown,1,3,0.25,NA,NA,0,NA,Not enough model data
2024,Michigan Wolverines,Unknown,4,5,0.444444444444444,NA,NA,0,NA,Not enough model data
2024,Middle Tennessee Blue Raiders,Unknown,1,3,0.25,NA,NA,0,NA,Not enough model data
2024,Minnesota Golden Gophers,Unknown,3,3,0.5,NA,NA,0,NA,Not enough model data
2024,Mississippi State Bulldogs,Unknown,0,6,0,NA,NA,0,NA,Not enough model data
2024,Missouri Tigers,Unknown,6,2,0.75,NA,NA,0,NA,Not enough model data
2024,Montana State Bobcats,Unknown,1,0,1,NA,NA,0,NA,Not enough model data
2024,Murray State Racers,Unknown,0,1,0,NA,NA,0,NA,Not enough model data
2024,NC State Wolfpack,Unknown,2,3,0.4,NA,NA,0,NA,Not enough model data
2024,Navy Midshipmen,Unknown,2,1,0.6666666666666669,NA,NA,0,NA,Not enough model data
2024,Nebraska Cornhuskers,Unknown,2,4,0.3333333333333329,NA,NA,0,NA,Not enough model data
2024,Nevada Wolf Pack,Unknown,0,3,0,NA,NA,0,NA,Not enough model data
2024,New Hampshire Wildcats,Unknown,0,1,0,NA,NA,0,NA,Not enough model data
2024,New Mexico Lobos,Unknown,2,1,0.6666666666666669,NA,NA,0,NA,Not enough model data
2024,New Mexico State Aggies,Unknown,1,3,0.25,NA,NA,0,NA,Not enough model data
2024,Nicholls Colonels,Unknown,0,1,0,NA,NA,0,NA,Not enough model data
2024,North Carolina A&T Aggies,Unknown,0,1,0,NA,NA,0,NA,Not enough model data
2024,North Carolina Tar Heels,Unknown,2,2,0.5,NA,NA,0,NA,Not enough model data
2024,North Dakota State Bison,Unknown,0,1,0,NA,NA,0,NA,Not enough model data
2024,North Texas Mean Green,Unknown,0,2,0,NA,NA,0,NA,Not enough model data
2024,Northern Arizona Lumberjacks,Unknown,0,1,0,NA,NA,0,NA,Not enough model data
2024,Northern Illinois Huskies,Unknown,4,2,0.6666666666666669,NA,NA,0,NA,Not enough model data
2024,Northern Iowa Panthers,Unknown,0,1,0,NA,NA,0,NA,Not enough model data
2024,Northwestern State Demons,Unknown,0,2,0,NA,NA,0,NA,Not enough model data
2024,Northwestern Wildcats,Unknown,2,3,0.4,NA,NA,0,NA,Not enough model data
2024,Notre Dame Fighting Irish,Unknown,10,1,0.909090909090909,NA,NA,0,NA,Not enough model data
2024,Ohio Bobcats,Unknown,6,0,1,NA,NA,0,NA,Not enough model data
2024,Ohio State Buckeyes,Unknown,9,2,0.8181818181818181,NA,NA,0,NA,Not enough model data
2024,Oklahoma Sooners,Unknown,5,3,0.625,NA,NA,0,NA,Not enough model data
2024,Oklahoma State Cowboys,Unknown,2,4,0.3333333333333329,NA,NA,0,NA,Not enough model data
2024,Old Dominion Monarchs,Unknown,1,0,1,NA,NA,0,NA,Not enough model data
2024,Ole Miss Rebels,Unknown,8,3,0.7272727272727268,NA,NA,0,NA,Not enough model data
2024,Oregon Ducks,Unknown,12,0,1,NA,NA,0,NA,Not enough model data
2024,Oregon State Beavers,Unknown,0,2,0,NA,NA,0,NA,Not enough model data
2024,Penn State Nittany Lions,Unknown,10,2,0.833333333333333,NA,NA,0,NA,Not enough model data
2024,Pittsburgh Panthers,Unknown,3,2,0.6,NA,NA,0,NA,Not enough model data
2024,Purdue Boilermakers,Unknown,0,9,0,NA,NA,0,NA,Not enough model data
2024,Rice Owls,Unknown,0,1,0,NA,NA,0,NA,Not enough model data
2024,Rutgers Scarlet Knights,Unknown,2,1,0.6666666666666669,NA,NA,0,NA,Not enough model data
2024,SE Louisiana Lions,Unknown,0,1,0,NA,NA,0,NA,Not enough model data
2024,SMU Mustangs,Unknown,8,2,0.8,NA,NA,0,NA,Not enough model data
2024,Sacramento State Hornets,Unknown,0,1,0,NA,NA,0,NA,Not enough model data
2024,Sam Houston Bearkats,Unknown,4,1,0.8,NA,NA,0,NA,Not enough model data
2024,San Diego State Aztecs,Unknown,0,2,0,NA,NA,0,NA,Not enough model data
2024,San José State Spartans,Unknown,2,3,0.4,NA,NA,0,NA,Not enough model data
2024,South Alabama Jaguars,Unknown,3,2,0.6,NA,NA,0,NA,Not enough model data
2024,South Carolina Gamecocks,Unknown,2,3,0.4,NA,NA,0,NA,Not enough model data
2024,South Florida Bulls,Unknown,1,2,0.3333333333333329,NA,NA,0,NA,Not enough model data
2024,Southern Utah Thunderbirds,Unknown,0,1,0,NA,NA,0,NA,Not enough model data
2024,Stanford Cardinal,Unknown,1,4,0.2,NA,NA,0,NA,Not enough model data
2024,Syracuse Orange,Unknown,3,2,0.6,NA,NA,0,NA,Not enough model data
2024,TCU Horned Frogs,Unknown,0,1,0,NA,NA,0,NA,Not enough model data
2024,Temple Owls,Unknown,0,2,0,NA,NA,0,NA,Not enough model data
2024,Tennessee Tech Golden Eagles,Unknown,0,1,0,NA,NA,0,NA,Not enough model data
2024,Tennessee Volunteers,Unknown,9,2,0.8181818181818181,NA,NA,0,NA,Not enough model data
2024,Texas A&M Aggies,Unknown,6,3,0.6666666666666669,NA,NA,0,NA,Not enough model data
2024,Texas Longhorns,Unknown,10,2,0.833333333333333,NA,NA,0,NA,Not enough model data
2024,Texas State Bobcats,Unknown,2,2,0.5,NA,NA,0,NA,Not enough model data
2024,Texas Tech Red Raiders,Unknown,2,1,0.6666666666666669,NA,NA,0,NA,Not enough model data
2024,The Citadel Bulldogs,Unknown,0,1,0,NA,NA,0,NA,Not enough model data
2024,Toledo Rockets,Unknown,2,2,0.5,NA,NA,0,NA,Not enough model data
2024,Troy Trojans,Unknown,0,2,0,NA,NA,0,NA,Not enough model data
2024,Tulane Green Wave,Unknown,2,4,0.3333333333333329,NA,NA,0,NA,Not enough model data
2024,Tulsa Golden Hurricane,Unknown,1,2,0.3333333333333329,NA,NA,0,NA,Not enough model data
2024,UAB Blazers,Unknown,1,0,1,NA,NA,0,NA,Not enough model data
2024,UCF Knights,Unknown,1,3,0.25,NA,NA,0,NA,Not enough model data
2024,UCLA Bruins,Unknown,1,4,0.2,NA,NA,0,NA,Not enough model data
2024,UConn Huskies,Unknown,2,0,1,NA,NA,0,NA,Not enough model data
2024,UL Monroe Warhawks,Unknown,1,1,0.5,NA,NA,0,NA,Not enough model data
2024,UNLV Rebels,Unknown,3,3,0.5,NA,NA,0,NA,Not enough model data
2024,USC Trojans,Unknown,3,4,0.428571428571429,NA,NA,0,NA,Not enough model data
2024,UTEP Miners,Unknown,1,4,0.2,NA,NA,0,NA,Not enough model data
2024,UTSA Roadrunners,Unknown,2,1,0.6666666666666669,NA,NA,0,NA,Not enough model data
2024,Utah State Aggies,Unknown,0,5,0,NA,NA,0,NA,Not enough model data
2024,Utah Utes,Unknown,5,4,0.555555555555556,NA,NA,0,NA,Not enough model data
2024,Vanderbilt Commodores,Unknown,1,3,0.25,NA,NA,0,NA,Not enough model data
2024,Villanova Wildcats,Unknown,0,1,0,NA,NA,0,NA,Not enough model data
2024,Virginia Cavaliers,Unknown,2,4,0.3333333333333329,NA,NA,0,NA,Not enough model data
2024,Virginia Tech Hokies,Unknown,2,1,0.6666666666666669,NA,NA,0,NA,Not enough model data
2024,Wake Forest Demon Deacons,Unknown,1,4,0.2,NA,NA,0,NA,Not enough model data
2024,Washington Huskies,Unknown,2,5,0.2857142857142861,NA,NA,0,NA,Not enough model data
2024,Washington State Cougars,Unknown,1,2,0.3333333333333329,NA,NA,0,NA,Not enough model data
2024,West Virginia Mountaineers,Unknown,0,2,0,NA,NA,0,NA,Not enough model data
2024,Western Carolina Catamounts,Unknown,0,1,0,NA,NA,0,NA,Not enough model data
2024,Western Illinois Leathernecks,Unknown,0,1,0,NA,NA,0,NA,Not enough model data
2024,Western Kentucky Hilltoppers,Unknown,3,2,0.6,NA,NA,0,NA,Not enough model data
2024,Western Michigan Broncos,Unknown,0,4,0,NA,NA,0,NA,Not enough model data
2024,Wisconsin Badgers,Unknown,1,5,0.166666666666667,NA,NA,0,NA,Not enough model data
2024,Wofford Terriers,Unknown,0,1,0,NA,NA,0,NA,Not enough model data
2024,Wyoming Cowboys,Unknown,0,2,0,NA,NA,0,NA,Not enough model data
2023,Abilene Christian Wildcats,Unknown,0,2,0,NA,NA,0,NA,Not enough model data
2023,Air Force Falcons,Unknown,8,4,0.6666666666666669,NA,NA,0,NA,Not enough model data
2023,Akron Zips,Unknown,2,10,0.166666666666667,NA,NA,0,NA,Not enough model data
2023,Alabama A&M Bulldogs,Unknown,0,1,0,NA,NA,0,NA,Not enough model data
2023,Alabama Crimson Tide,Unknown,12,1,0.9230769230769228,NA,NA,0,NA,Not enough model data
2023,Alcorn State Braves,Unknown,0,1,0,NA,NA,0,NA,Not enough model data
2023,Appalachian State Mountaineers,Unknown,8,5,0.615384615384615,NA,NA,0,NA,Not enough model data
2023,Arizona State Sun Devils,Unknown,3,9,0.25,NA,NA,0,NA,Not enough model data
2023,Arizona Wildcats,Unknown,9,3,0.75,NA,NA,0,NA,Not enough model data
2023,Arkansas Razorbacks,Unknown,4,8,0.3333333333333329,NA,NA,0,NA,Not enough model data
2023,Arkansas State Red Wolves,Unknown,6,6,0.5,NA,NA,0,NA,Not enough model data
2023,Arkansas-Pine Bluff Golden Lions,Unknown,0,1,0,NA,NA,0,NA,Not enough model data
2023,Army Black Knights,Unknown,6,6,0.5,NA,NA,0,NA,Not enough model data
2023,Auburn Tigers,Unknown,6,6,0.5,NA,NA,0,NA,Not enough model data
2023,Austin Peay Governors,Unknown,0,1,0,NA,NA,0,NA,Not enough model data
2023,BYU Cougars,Unknown,5,7,0.4166666666666671,NA,NA,0,NA,Not enough model data
2023,Ball State Cardinals,Unknown,4,8,0.3333333333333329,NA,NA,0,NA,Not enough model data
2023,Baylor Bears,Unknown,3,9,0.25,NA,NA,0,NA,Not enough model data
2023,Bethune-Cookman Wildcats,Unknown,0,2,0,NA,NA,0,NA,Not enough model data
2023,Boise State Broncos,Unknown,8,5,0.615384615384615,NA,NA,0,NA,Not enough model data
2023,Boston College Eagles,Unknown,6,6,0.5,NA,NA,0,NA,Not enough model data
2023,Bowling Green Falcons,Unknown,7,5,0.5833333333333329,NA,NA,0,NA,Not enough model data
2023,Bryant Bulldogs,Unknown,0,1,0,NA,NA,0,NA,Not enough model data
2023,Bucknell Bison,Unknown,0,1,0,NA,NA,0,NA,Not enough model data
2023,Buffalo Bulls,Unknown,3,9,0.25,NA,NA,0,NA,Not enough model data
2023,Cal Poly Mustangs,Unknown,0,1,0,NA,NA,0,NA,Not enough model data
2023,California Golden Bears,Unknown,6,6,0.5,NA,NA,0,NA,Not enough model data
2023,Campbell Fighting Camels,Unknown,0,1,0,NA,NA,0,NA,Not enough model data
2023,Central Arkansas Bears,Unknown,0,1,0,NA,NA,0,NA,Not enough model data
2023,Central Connecticut Blue Devils,Unknown,0,1,0,NA,NA,0,NA,Not enough model data
2023,Central Michigan Chippewas,Unknown,5,7,0.4166666666666671,NA,NA,0,NA,Not enough model data
2023,Charleston Southern Buccaneers,Unknown,0,1,0,NA,NA,0,NA,Not enough model data
2023,Charlotte 49ers,Unknown,3,9,0.25,NA,NA,0,NA,Not enough model data
2023,Chattanooga Mocs,Unknown,0,1,0,NA,NA,0,NA,Not enough model data
2023,Cincinnati Bearcats,Unknown,3,9,0.25,NA,NA,0,NA,Not enough model data
2023,Clemson Tigers,Unknown,8,4,0.6666666666666669,NA,NA,0,NA,Not enough model data
2023,Coastal Carolina Chanticleers,Unknown,7,5,0.5833333333333329,NA,NA,0,NA,Not enough model data
2023,Colgate Raiders,Unknown,0,1,0,NA,NA,0,NA,Not enough model data
2023,Colorado Buffaloes,Unknown,4,8,0.3333333333333329,NA,NA,0,NA,Not enough model data
2023,Colorado State Rams,Unknown,5,7,0.4166666666666671,NA,NA,0,NA,Not enough model data
2023,Delaware Blue Hens,Unknown,0,1,0,NA,NA,0,NA,Not enough model data
2023,Delaware State Hornets,Unknown,0,2,0,NA,NA,0,NA,Not enough model data
2023,Duke Blue Devils,Unknown,7,5,0.5833333333333329,NA,NA,0,NA,Not enough model data
2023,Duquesne Dukes,Unknown,0,2,0,NA,NA,0,NA,Not enough model data
2023,East Carolina Pirates,Unknown,2,10,0.166666666666667,NA,NA,0,NA,Not enough model data
2023,East Tennessee State Buccaneers,Unknown,0,1,0,NA,NA,0,NA,Not enough model data
2023,Eastern Illinois Panthers,Unknown,0,1,0,NA,NA,0,NA,Not enough model data
2023,Eastern Kentucky Colonels,Unknown,0,2,0,NA,NA,0,NA,Not enough model data
2023,Eastern Michigan Eagles,Unknown,6,6,0.5,NA,NA,0,NA,Not enough model data
2023,Eastern Washington Eagles,Unknown,0,1,0,NA,NA,0,NA,Not enough model data
2023,Elon Phoenix,Unknown,0,1,0,NA,NA,0,NA,Not enough model data
2023,Florida A&M Rattlers,Unknown,0,1,0,NA,NA,0,NA,Not enough model data
2023,Florida Atlantic Owls,Unknown,4,8,0.3333333333333329,NA,NA,0,NA,Not enough model data
2023,Florida Gators,Unknown,5,7,0.4166666666666671,NA,NA,0,NA,Not enough model data
2023,Florida International Panthers,Unknown,4,8,0.3333333333333329,NA,NA,0,NA,Not enough model data
2023,Florida State Seminoles,Unknown,13,0,1,NA,NA,0,NA,Not enough model data
2023,Fordham Rams,Unknown,1,0,1,NA,NA,0,NA,Not enough model data
2023,Fresno State Bulldogs,Unknown,8,4,0.6666666666666669,NA,NA,0,NA,Not enough model data
2023,Furman Paladins,Unknown,0,1,0,NA,NA,0,NA,Not enough model data
2023,Gardner-Webb Runnin' Bulldogs,Unknown,0,2,0,NA,NA,0,NA,Not enough model data
2023,Georgia Bulldogs,Unknown,12,1,0.9230769230769228,NA,NA,0,NA,Not enough model data
2023,Georgia Southern Eagles,Unknown,6,6,0.5,NA,NA,0,NA,Not enough model data
2023,Georgia State Panthers,Unknown,6,6,0.5,NA,NA,0,NA,Not enough model data
2023,Georgia Tech Yellow Jackets,Unknown,6,6,0.5,NA,NA,0,NA,Not enough model data
2023,Grambling Tigers,Unknown,0,1,0,NA,NA,0,NA,Not enough model data
2023,Hawai'i Rainbow Warriors,Unknown,5,8,0.38461538461538497,NA,NA,0,NA,Not enough model data
2023,Holy Cross Crusaders,Unknown,0,2,0,NA,NA,0,NA,Not enough model data
2023,Houston Christian Huskies,Unknown,0,1,0,NA,NA,0,NA,Not enough model data
2023,Houston Cougars,Unknown,4,8,0.3333333333333329,NA,NA,0,NA,Not enough model data
2023,Howard Bison,Unknown,0,2,0,NA,NA,0,NA,Not enough model data
2023,Idaho State Bengals,Unknown,0,2,0,NA,NA,0,NA,Not enough model data
2023,Idaho Vandals,Unknown,1,1,0.5,NA,NA,0,NA,Not enough model data
2023,Illinois Fighting Illini,Unknown,5,7,0.4166666666666671,NA,NA,0,NA,Not enough model data
2023,Incarnate Word Cardinals,Unknown,0,1,0,NA,NA,0,NA,Not enough model data
2023,Indiana Hoosiers,Unknown,3,9,0.25,NA,NA,0,NA,Not enough model data
2023,Indiana State Sycamores,Unknown,0,2,0,NA,NA,0,NA,Not enough model data
2023,Iowa Hawkeyes,Unknown,10,3,0.7692307692307688,NA,NA,0,NA,Not enough model data
2023,Iowa State Cyclones,Unknown,7,5,0.5833333333333329,NA,NA,0,NA,Not enough model data
2023,Jackson State Tigers,Unknown,0,1,0,NA,NA,0,NA,Not enough model data
2023,Jacksonville State Gamecocks,Unknown,8,4,0.6666666666666669,NA,NA,0,NA,Not enough model data
2023,James Madison Dukes,Unknown,11,1,0.916666666666667,NA,NA,0,NA,Not enough model data
2023,Kansas Jayhawks,Unknown,8,4,0.6666666666666669,NA,NA,0,NA,Not enough model data
2023,Kansas State Wildcats,Unknown,8,4,0.6666666666666669,NA,NA,0,NA,Not enough model data
2023,Kennesaw State Owls,Unknown,0,1,0,NA,NA,0,NA,Not enough model data
2023,Kent State Golden Flashes,Unknown,1,11,0.0833333333333333,NA,NA,0,NA,Not enough model data
2023,Kentucky Wildcats,Unknown,7,5,0.5833333333333329,NA,NA,0,NA,Not enough model data
2023,LSU Tigers,Unknown,9,3,0.75,NA,NA,0,NA,Not enough model data
2023,Lafayette Leopards,Unknown,0,1,0,NA,NA,0,NA,Not enough model data
2023,Lamar Cardinals,Unknown,0,1,0,NA,NA,0,NA,Not enough model data
2023,Liberty Flames,Unknown,13,0,1,NA,NA,0,NA,Not enough model data
2023,Long Island University Sharks,Unknown,0,2,0,NA,NA,0,NA,Not enough model data
2023,Louisiana Ragin' Cajuns,Unknown,6,6,0.5,NA,NA,0,NA,Not enough model data
2023,Louisiana Tech Bulldogs,Unknown,3,9,0.25,NA,NA,0,NA,Not enough model data
2023,Louisville Cardinals,Unknown,10,3,0.7692307692307688,NA,NA,0,NA,Not enough model data
2023,Maine Black Bears,Unknown,0,1,0,NA,NA,0,NA,Not enough model data
2023,Marshall Thundering Herd,Unknown,6,6,0.5,NA,NA,0,NA,Not enough model data
2023,Maryland Terrapins,Unknown,7,5,0.5833333333333329,NA,NA,0,NA,Not enough model data
2023,Massachusetts Minutemen,Unknown,3,9,0.25,NA,NA,0,NA,Not enough model data
2023,McNeese Cowboys,Unknown,0,1,0,NA,NA,0,NA,Not enough model data
2023,Memphis Tigers,Unknown,9,3,0.75,NA,NA,0,NA,Not enough model data
2023,Mercer Bears,Unknown,0,1,0,NA,NA,0,NA,Not enough model data
2023,Merrimack Warriors,Unknown,0,1,0,NA,NA,0,NA,Not enough model data
2023,Miami Hurricanes,Unknown,7,5,0.5833333333333329,NA,NA,0,NA,Not enough model data
2023,Miami RedHawks,Unknown,11,2,0.8461538461538461,NA,NA,0,NA,Not enough model data
2023,Michigan State Spartans,Unknown,4,8,0.3333333333333329,NA,NA,0,NA,Not enough model data
2023,Michigan Wolverines,Unknown,13,0,1,NA,NA,0,NA,Not enough model data
2023,Middle Tennessee Blue Raiders,Unknown,4,8,0.3333333333333329,NA,NA,0,NA,Not enough model data
2023,Minnesota Golden Gophers,Unknown,5,7,0.4166666666666671,NA,NA,0,NA,Not enough model data
2023,Mississippi State Bulldogs,Unknown,5,7,0.4166666666666671,NA,NA,0,NA,Not enough model data
2023,Missouri State Bears,Unknown,0,1,0,NA,NA,0,NA,Not enough model data
2023,Missouri Tigers,Unknown,10,2,0.833333333333333,NA,NA,0,NA,Not enough model data
2023,Monmouth Hawks,Unknown,0,1,0,NA,NA,0,NA,Not enough model data
2023,Morgan State Bears,Unknown,0,1,0,NA,NA,0,NA,Not enough model data
2023,Murray State Racers,Unknown,0,2,0,NA,NA,0,NA,Not enough model data
2023,NC State Wolfpack,Unknown,9,3,0.75,NA,NA,0,NA,Not enough model data
2023,Navy Midshipmen,Unknown,5,7,0.4166666666666671,NA,NA,0,NA,Not enough model data
2023,Nebraska Cornhuskers,Unknown,5,7,0.4166666666666671,NA,NA,0,NA,Not enough model data
2023,Nevada Wolf Pack,Unknown,2,10,0.166666666666667,NA,NA,0,NA,Not enough model data
2023,New Hampshire Wildcats,Unknown,0,1,0,NA,NA,0,NA,Not enough model data
2023,New Mexico Lobos,Unknown,4,8,0.3333333333333329,NA,NA,0,NA,Not enough model data
2023,New Mexico State Aggies,Unknown,10,4,0.714285714285714,NA,NA,0,NA,Not enough model data
2023,Nicholls Colonels,Unknown,0,2,0,NA,NA,0,NA,Not enough model data
2023,Norfolk State Spartans,Unknown,0,1,0,NA,NA,0,NA,Not enough model data
2023,North Alabama Lions,Unknown,0,1,0,NA,NA,0,NA,Not enough model data
2023,North Carolina A&T Aggies,Unknown,0,1,0,NA,NA,0,NA,Not enough model data
2023,North Carolina Central Eagles,Unknown,0,1,0,NA,NA,0,NA,Not enough model data
2023,North Carolina Tar Heels,Unknown,8,4,0.6666666666666669,NA,NA,0,NA,Not enough model data
2023,North Dakota Fighting Hawks,Unknown,0,1,0,NA,NA,0,NA,Not enough model data
2023,North Texas Mean Green,Unknown,5,7,0.4166666666666671,NA,NA,0,NA,Not enough model data
2023,Northern Arizona Lumberjacks,Unknown,0,1,0,NA,NA,0,NA,Not enough model data
2023,Northern Colorado Bears,Unknown,0,1,0,NA,NA,0,NA,Not enough model data
2023,Northern Illinois Huskies,Unknown,6,6,0.5,NA,NA,0,NA,Not enough model data
2023,Northern Iowa Panthers,Unknown,0,1,0,NA,NA,0,NA,Not enough model data
2023,Northwestern State Demons,Unknown,0,2,0,NA,NA,0,NA,Not enough model data
2023,Northwestern Wildcats,Unknown,7,5,0.5833333333333329,NA,NA,0,NA,Not enough model data
2023,Notre Dame Fighting Irish,Unknown,9,3,0.75,NA,NA,0,NA,Not enough model data
2023,Ohio Bobcats,Unknown,9,3,0.75,NA,NA,0,NA,Not enough model data
2023,Ohio State Buckeyes,Unknown,11,1,0.916666666666667,NA,NA,0,NA,Not enough model data
2023,Oklahoma Sooners,Unknown,10,2,0.833333333333333,NA,NA,0,NA,Not enough model data
2023,Oklahoma State Cowboys,Unknown,9,4,0.692307692307692,NA,NA,0,NA,Not enough model data
2023,Old Dominion Monarchs,Unknown,6,6,0.5,NA,NA,0,NA,Not enough model data
2023,Ole Miss Rebels,Unknown,10,2,0.833333333333333,NA,NA,0,NA,Not enough model data
2023,Oregon Ducks,Unknown,11,2,0.8461538461538461,NA,NA,0,NA,Not enough model data
2023,Oregon State Beavers,Unknown,8,4,0.6666666666666669,NA,NA,0,NA,Not enough model data
2023,Penn State Nittany Lions,Unknown,10,2,0.833333333333333,NA,NA,0,NA,Not enough model data
2023,Pittsburgh Panthers,Unknown,3,9,0.25,NA,NA,0,NA,Not enough model data
2023,Portland State Vikings,Unknown,0,2,0,NA,NA,0,NA,Not enough model data
2023,Prairie View A&M Panthers,Unknown,0,1,0,NA,NA,0,NA,Not enough model data
2023,Purdue Boilermakers,Unknown,4,8,0.3333333333333329,NA,NA,0,NA,Not enough model data
2023,Rhode Island Rams,Unknown,0,1,0,NA,NA,0,NA,Not enough model data
2023,Rice Owls,Unknown,6,6,0.5,NA,NA,0,NA,Not enough model data
2023,Richmond Spiders,Unknown,0,1,0,NA,NA,0,NA,Not enough model data
2023,Robert Morris Colonials,Unknown,0,1,0,NA,NA,0,NA,Not enough model data
2023,Rutgers Scarlet Knights,Unknown,6,6,0.5,NA,NA,0,NA,Not enough model data
2023,SE Louisiana Lions,Unknown,0,2,0,NA,NA,0,NA,Not enough model data
2023,SMU Mustangs,Unknown,11,2,0.8461538461538461,NA,NA,0,NA,Not enough model data
2023,Sacramento State Hornets,Unknown,1,0,1,NA,NA,0,NA,Not enough model data
2023,Sacred Heart Pioneers,Unknown,0,1,0,NA,NA,0,NA,Not enough model data
2023,Sam Houston Bearkats,Unknown,3,9,0.25,NA,NA,0,NA,Not enough model data
2023,Samford Bulldogs,Unknown,0,1,0,NA,NA,0,NA,Not enough model data
2023,San Diego State Aztecs,Unknown,4,8,0.3333333333333329,NA,NA,0,NA,Not enough model data
2023,San José State Spartans,Unknown,7,5,0.5833333333333329,NA,NA,0,NA,Not enough model data
2023,South Alabama Jaguars,Unknown,6,6,0.5,NA,NA,0,NA,Not enough model data
2023,South Carolina Gamecocks,Unknown,5,7,0.4166666666666671,NA,NA,0,NA,Not enough model data
2023,South Carolina State Bulldogs,Unknown,0,2,0,NA,NA,0,NA,Not enough model data
2023,South Dakota Coyotes,Unknown,0,1,0,NA,NA,0,NA,Not enough model data
2023,South Florida Bulls,Unknown,6,6,0.5,NA,NA,0,NA,Not enough model data
2023,Southeast Missouri State Redhawks,Unknown,0,1,0,NA,NA,0,NA,Not enough model data
2023,Southern Illinois Salukis,Unknown,1,0,1,NA,NA,0,NA,Not enough model data
2023,Southern Miss Golden Eagles,Unknown,3,9,0.25,NA,NA,0,NA,Not enough model data
2023,Southern Utah Thunderbirds,Unknown,0,2,0,NA,NA,0,NA,Not enough model data
2023,St. Francis Red Flash,Unknown,0,1,0,NA,NA,0,NA,Not enough model data
2023,Stanford Cardinal,Unknown,3,9,0.25,NA,NA,0,NA,Not enough model data
2023,Stephen F. Austin Lumberjacks,Unknown,0,1,0,NA,NA,0,NA,Not enough model data
2023,Stony Brook Seawolves,Unknown,0,1,0,NA,NA,0,NA,Not enough model data
2023,Syracuse Orange,Unknown,6,6,0.5,NA,NA,0,NA,Not enough model data
2023,TCU Horned Frogs,Unknown,5,7,0.4166666666666671,NA,NA,0,NA,Not enough model data
2023,Tarleton State Texans,Unknown,0,1,0,NA,NA,0,NA,Not enough model data
2023,Temple Owls,Unknown,3,9,0.25,NA,NA,0,NA,Not enough model data
2023,Tennessee State Tigers,Unknown,0,1,0,NA,NA,0,NA,Not enough model data
2023,Tennessee Tech Golden Eagles,Unknown,0,1,0,NA,NA,0,NA,Not enough model data
2023,Tennessee Volunteers,Unknown,8,4,0.6666666666666669,NA,NA,0,NA,Not enough model data
2023,Texas A&M Aggies,Unknown,7,5,0.5833333333333329,NA,NA,0,NA,Not enough model data
2023,Texas A&M-Commerce Lions,Unknown,0,1,0,NA,NA,0,NA,Not enough model data
2023,Texas Longhorns,Unknown,12,1,0.9230769230769228,NA,NA,0,NA,Not enough model data
2023,Texas Southern Tigers,Unknown,0,2,0,NA,NA,0,NA,Not enough model data
2023,Texas State Bobcats,Unknown,7,5,0.5833333333333329,NA,NA,0,NA,Not enough model data
2023,Texas Tech Red Raiders,Unknown,6,6,0.5,NA,NA,0,NA,Not enough model data
2023,The Citadel Bulldogs,Unknown,0,1,0,NA,NA,0,NA,Not enough model data
2023,Toledo Rockets,Unknown,11,2,0.8461538461538461,NA,NA,0,NA,Not enough model data
2023,Towson Tigers,Unknown,0,1,0,NA,NA,0,NA,Not enough model data
2023,Troy Trojans,Unknown,11,2,0.8461538461538461,NA,NA,0,NA,Not enough model data
2023,Tulane Green Wave,Unknown,11,2,0.8461538461538461,NA,NA,0,NA,Not enough model data
2023,Tulsa Golden Hurricane,Unknown,4,8,0.3333333333333329,NA,NA,0,NA,Not enough model data
2023,UAB Blazers,Unknown,4,8,0.3333333333333329,NA,NA,0,NA,Not enough model data
2023,UAlbany Great Danes,Unknown,0,2,0,NA,NA,0,NA,Not enough model data
2023,UC Davis Aggies,Unknown,0,1,0,NA,NA,0,NA,Not enough model data
2023,UCF Knights,Unknown,6,6,0.5,NA,NA,0,NA,Not enough model data
2023,UCLA Bruins,Unknown,7,5,0.5833333333333329,NA,NA,0,NA,Not enough model data
2023,UConn Huskies,Unknown,3,9,0.25,NA,NA,0,NA,Not enough model data
2023,UL Monroe Warhawks,Unknown,2,10,0.166666666666667,NA,NA,0,NA,Not enough model data
2023,UNLV Rebels,Unknown,9,4,0.692307692307692,NA,NA,0,NA,Not enough model data
2023,USC Trojans,Unknown,7,5,0.5833333333333329,NA,NA,0,NA,Not enough model data
2023,UT Martin Skyhawks,Unknown,0,1,0,NA,NA,0,NA,Not enough model data
2023,UTEP Miners,Unknown,3,9,0.25,NA,NA,0,NA,Not enough model data
2023,UTSA Roadrunners,Unknown,8,4,0.6666666666666669,NA,NA,0,NA,Not enough model data
2023,Utah State Aggies,Unknown,6,6,0.5,NA,NA,0,NA,Not enough model data
2023,Utah Tech Trailblazers,Unknown,0,1,0,NA,NA,0,NA,Not enough model data
2023,Utah Utes,Unknown,8,4,0.6666666666666669,NA,NA,0,NA,Not enough model data
2023,VMI Keydets,Unknown,0,1,0,NA,NA,0,NA,Not enough model data
2023,Vanderbilt Commodores,Unknown,2,10,0.166666666666667,NA,NA,0,NA,Not enough model data
2023,Villanova Wildcats,Unknown,0,1,0,NA,NA,0,NA,Not enough model data
2023,Virginia Cavaliers,Unknown,3,9,0.25,NA,NA,0,NA,Not enough model data
2023,Virginia Tech Hokies,Unknown,6,6,0.5,NA,NA,0,NA,Not enough model data
2023,Wagner Seahawks,Unknown,0,2,0,NA,NA,0,NA,Not enough model data
2023,Wake Forest Demon Deacons,Unknown,4,8,0.3333333333333329,NA,NA,0,NA,Not enough model data
2023,Washington Huskies,Unknown,13,0,1,NA,NA,0,NA,Not enough model data
2023,Washington State Cougars,Unknown,5,7,0.4166666666666671,NA,NA,0,NA,Not enough model data
2023,Weber State Wildcats,Unknown,0,1,0,NA,NA,0,NA,Not enough model data
2023,West Virginia Mountaineers,Unknown,8,4,0.6666666666666669,NA,NA,0,NA,Not enough model data
2023,Western Carolina Catamounts,Unknown,0,1,0,NA,NA,0,NA,Not enough model data
2023,Western Illinois Leathernecks,Unknown,0,1,0,NA,NA,0,NA,Not enough model data
2023,Western Kentucky Hilltoppers,Unknown,7,5,0.5833333333333329,NA,NA,0,NA,Not enough model data
2023,Western Michigan Broncos,Unknown,4,8,0.3333333333333329,NA,NA,0,NA,Not enough model data
2023,William & Mary Tribe,Unknown,0,1,0,NA,NA,0,NA,Not enough model data
2023,Wisconsin Badgers,Unknown,7,5,0.5833333333333329,NA,NA,0,NA,Not enough model data
2023,Wofford Terriers,Unknown,0,1,0,NA,NA,0,NA,Not enough model data
2023,Wyoming Cowboys,Unknown,8,4,0.6666666666666669,NA,NA,0,NA,Not enough model data
2023,Youngstown State Penguins,Unknown,0,1,0,NA,NA,0,NA,Not enough model data
2022,Abilene Christian Wildcats,Unknown,0,1,0,NA,NA,0,NA,Not enough model data
2022,Air Force Falcons,Unknown,9,3,0.75,NA,NA,0,NA,Not enough model data
2022,Akron Zips,Unknown,2,10,0.166666666666667,NA,NA,0,NA,Not enough model data
2022,Alabama A&M Bulldogs,Unknown,0,2,0,NA,NA,0,NA,Not enough model data
2022,Alabama Crimson Tide,Unknown,10,2,0.833333333333333,NA,NA,0,NA,Not enough model data
2022,Alabama State Hornets,Unknown,0,1,0,NA,NA,0,NA,Not enough model data
2022,Albany Great Danes,Unknown,0,1,0,NA,NA,0,NA,Not enough model data
2022,Alcorn State Braves,Unknown,0,1,0,NA,NA,0,NA,Not enough model data
2022,Appalachian State Mountaineers,Unknown,6,6,0.5,NA,NA,0,NA,Not enough model data
2022,Arizona State Sun Devils,Unknown,3,9,0.25,NA,NA,0,NA,Not enough model data
2022,Arizona Wildcats,Unknown,5,7,0.4166666666666671,NA,NA,0,NA,Not enough model data
2022,Arkansas Razorbacks,Unknown,6,6,0.5,NA,NA,0,NA,Not enough model data
2022,Arkansas State Red Wolves,Unknown,3,9,0.25,NA,NA,0,NA,Not enough model data
2022,Arkansas-Pine Bluff Golden Lions,Unknown,0,1,0,NA,NA,0,NA,Not enough model data
2022,Army Black Knights,Unknown,6,6,0.5,NA,NA,0,NA,Not enough model data
2022,Auburn Tigers,Unknown,5,7,0.4166666666666671,NA,NA,0,NA,Not enough model data
2022,Austin Peay Governors,Unknown,0,2,0,NA,NA,0,NA,Not enough model data
2022,BYU Cougars,Unknown,7,5,0.5833333333333329,NA,NA,0,NA,Not enough model data
2022,Ball State Cardinals,Unknown,5,7,0.4166666666666671,NA,NA,0,NA,Not enough model data
2022,Baylor Bears,Unknown,6,6,0.5,NA,NA,0,NA,Not enough model data
2022,Bethune-Cookman Wildcats,Unknown,0,1,0,NA,NA,0,NA,Not enough model data
2022,Boise State Broncos,Unknown,9,4,0.692307692307692,NA,NA,0,NA,Not enough model data
2022,Boston College Eagles,Unknown,3,9,0.25,NA,NA,0,NA,Not enough model data
2022,Bowling Green Falcons,Unknown,6,6,0.5,NA,NA,0,NA,Not enough model data
2022,Bryant Bulldogs,Unknown,0,1,0,NA,NA,0,NA,Not enough model data
2022,Bucknell Bison,Unknown,0,1,0,NA,NA,0,NA,Not enough model data
2022,Buffalo Bulls,Unknown,6,6,0.5,NA,NA,0,NA,Not enough model data
2022,Cal Poly Mustangs,Unknown,0,1,0,NA,NA,0,NA,Not enough model data
2022,California Golden Bears,Unknown,4,8,0.3333333333333329,NA,NA,0,NA,Not enough model data
2022,Campbell Fighting Camels,Unknown,0,1,0,NA,NA,0,NA,Not enough model data
2022,Central Arkansas Bears,Unknown,0,1,0,NA,NA,0,NA,Not enough model data
2022,Central Connecticut Blue Devils,Unknown,0,1,0,NA,NA,0,NA,Not enough model data
2022,Central Michigan Chippewas,Unknown,4,8,0.3333333333333329,NA,NA,0,NA,Not enough model data
2022,Charleston Southern Buccaneers,Unknown,0,1,0,NA,NA,0,NA,Not enough model data
2022,Charlotte 49ers,Unknown,3,9,0.25,NA,NA,0,NA,Not enough model data
2022,Chattanooga Mocs,Unknown,0,1,0,NA,NA,0,NA,Not enough model data
2022,Cincinnati Bearcats,Unknown,9,3,0.75,NA,NA,0,NA,Not enough model data
2022,Clemson Tigers,Unknown,11,2,0.8461538461538461,NA,NA,0,NA,Not enough model data
2022,Coastal Carolina Chanticleers,Unknown,9,3,0.75,NA,NA,0,NA,Not enough model data
2022,Colgate Raiders,Unknown,0,2,0,NA,NA,0,NA,Not enough model data
2022,Colorado Buffaloes,Unknown,1,11,0.0833333333333333,NA,NA,0,NA,Not enough model data
2022,Colorado State Rams,Unknown,3,9,0.25,NA,NA,0,NA,Not enough model data
2022,Delaware Blue Hens,Unknown,1,0,1,NA,NA,0,NA,Not enough model data
2022,Duke Blue Devils,Unknown,8,4,0.6666666666666669,NA,NA,0,NA,Not enough model data
2022,Duquesne Dukes,Unknown,0,2,0,NA,NA,0,NA,Not enough model data
2022,East Carolina Pirates,Unknown,7,5,0.5833333333333329,NA,NA,0,NA,Not enough model data
2022,East Tennessee State Buccaneers,Unknown,0,1,0,NA,NA,0,NA,Not enough model data
2022,Eastern Illinois Panthers,Unknown,0,1,0,NA,NA,0,NA,Not enough model data
2022,Eastern Kentucky Colonels,Unknown,1,1,0.5,NA,NA,0,NA,Not enough model data
2022,Eastern Michigan Eagles,Unknown,8,4,0.6666666666666669,NA,NA,0,NA,Not enough model data
2022,Eastern Washington Eagles,Unknown,0,2,0,NA,NA,0,NA,Not enough model data
2022,Elon Phoenix,Unknown,0,1,0,NA,NA,0,NA,Not enough model data
2022,Florida A&M Rattlers,Unknown,0,1,0,NA,NA,0,NA,Not enough model data
2022,Florida Atlantic Owls,Unknown,5,7,0.4166666666666671,NA,NA,0,NA,Not enough model data
2022,Florida Gators,Unknown,6,6,0.5,NA,NA,0,NA,Not enough model data
2022,Florida International Panthers,Unknown,4,8,0.3333333333333329,NA,NA,0,NA,Not enough model data
2022,Florida State Seminoles,Unknown,9,3,0.75,NA,NA,0,NA,Not enough model data
2022,Fordham Rams,Unknown,0,1,0,NA,NA,0,NA,Not enough model data
2022,Fresno State Bulldogs,Unknown,9,4,0.692307692307692,NA,NA,0,NA,Not enough model data
2022,Furman Paladins,Unknown,0,1,0,NA,NA,0,NA,Not enough model data
2022,Gardner-Webb Runnin' Bulldogs,Unknown,0,3,0,NA,NA,0,NA,Not enough model data
2022,Georgia Bulldogs,Unknown,13,0,1,NA,NA,0,NA,Not enough model data
2022,Georgia Southern Eagles,Unknown,6,6,0.5,NA,NA,0,NA,Not enough model data
2022,Georgia State Panthers,Unknown,4,8,0.3333333333333329,NA,NA,0,NA,Not enough model data
2022,Georgia Tech Yellow Jackets,Unknown,5,7,0.4166666666666671,NA,NA,0,NA,Not enough model data
2022,Grambling Tigers,Unknown,0,1,0,NA,NA,0,NA,Not enough model data
2022,Hawai'i Rainbow Warriors,Unknown,3,10,0.23076923076923103,NA,NA,0,NA,Not enough model data
2022,Holy Cross Crusaders,Unknown,1,0,1,NA,NA,0,NA,Not enough model data
2022,Houston Christian Huskies,Unknown,0,1,0,NA,NA,0,NA,Not enough model data
2022,Houston Cougars,Unknown,7,5,0.5833333333333329,NA,NA,0,NA,Not enough model data
2022,Howard Bison,Unknown,0,1,0,NA,NA,0,NA,Not enough model data
2022,Idaho State Bengals,Unknown,0,2,0,NA,NA,0,NA,Not enough model data
2022,Idaho Vandals,Unknown,0,2,0,NA,NA,0,NA,Not enough model data
2022,Illinois Fighting Illini,Unknown,8,4,0.6666666666666669,NA,NA,0,NA,Not enough model data
2022,Illinois State Redbirds,Unknown,0,1,0,NA,NA,0,NA,Not enough model data
2022,Incarnate Word Cardinals,Unknown,1,0,1,NA,NA,0,NA,Not enough model data
2022,Indiana Hoosiers,Unknown,4,8,0.3333333333333329,NA,NA,0,NA,Not enough model data
2022,Indiana State Sycamores,Unknown,0,1,0,NA,NA,0,NA,Not enough model data
2022,Iowa Hawkeyes,Unknown,7,5,0.5833333333333329,NA,NA,0,NA,Not enough model data
2022,Iowa State Cyclones,Unknown,4,8,0.3333333333333329,NA,NA,0,NA,Not enough model data
2022,Jacksonville State Gamecocks,Unknown,0,1,0,NA,NA,0,NA,Not enough model data
2022,James Madison Dukes,Unknown,8,3,0.7272727272727268,NA,NA,0,NA,Not enough model data
2022,Kansas Jayhawks,Unknown,6,6,0.5,NA,NA,0,NA,Not enough model data
2022,Kansas State Wildcats,Unknown,10,3,0.7692307692307688,NA,NA,0,NA,Not enough model data
2022,Kennesaw State Owls,Unknown,0,1,0,NA,NA,0,NA,Not enough model data
2022,Kent State Golden Flashes,Unknown,5,7,0.4166666666666671,NA,NA,0,NA,Not enough model data
2022,Kentucky Wildcats,Unknown,7,5,0.5833333333333329,NA,NA,0,NA,Not enough model data
2022,LSU Tigers,Unknown,9,4,0.692307692307692,NA,NA,0,NA,Not enough model data
2022,Lafayette Leopards,Unknown,0,1,0,NA,NA,0,NA,Not enough model data
2022,Lamar Cardinals,Unknown,0,2,0,NA,NA,0,NA,Not enough model data
2022,Liberty Flames,Unknown,8,4,0.6666666666666669,NA,NA,0,NA,Not enough model data
2022,Long Island University Sharks,Unknown,0,2,0,NA,NA,0,NA,Not enough model data
2022,Louisiana Ragin' Cajuns,Unknown,6,6,0.5,NA,NA,0,NA,Not enough model data
2022,Louisiana Tech Bulldogs,Unknown,3,9,0.25,NA,NA,0,NA,Not enough model data
2022,Louisville Cardinals,Unknown,7,5,0.5833333333333329,NA,NA,0,NA,Not enough model data
2022,Maine Black Bears,Unknown,0,2,0,NA,NA,0,NA,Not enough model data
2022,Marshall Thundering Herd,Unknown,8,4,0.6666666666666669,NA,NA,0,NA,Not enough model data
2022,Maryland Terrapins,Unknown,7,5,0.5833333333333329,NA,NA,0,NA,Not enough model data
2022,Massachusetts Minutemen,Unknown,1,11,0.0833333333333333,NA,NA,0,NA,Not enough model data
2022,McNeese Cowboys,Unknown,0,1,0,NA,NA,0,NA,Not enough model data
2022,Memphis Tigers,Unknown,6,6,0.5,NA,NA,0,NA,Not enough model data
2022,Mercer Bears,Unknown,0,1,0,NA,NA,0,NA,Not enough model data
2022,Miami Hurricanes,Unknown,5,7,0.4166666666666671,NA,NA,0,NA,Not enough model data
2022,Miami RedHawks,Unknown,6,6,0.5,NA,NA,0,NA,Not enough model data
2022,Michigan State Spartans,Unknown,5,7,0.4166666666666671,NA,NA,0,NA,Not enough model data
2022,Michigan Wolverines,Unknown,13,0,1,NA,NA,0,NA,Not enough model data
2022,Middle Tennessee Blue Raiders,Unknown,7,5,0.5833333333333329,NA,NA,0,NA,Not enough model data
2022,Minnesota Golden Gophers,Unknown,8,4,0.6666666666666669,NA,NA,0,NA,Not enough model data
2022,Mississippi State Bulldogs,Unknown,8,4,0.6666666666666669,NA,NA,0,NA,Not enough model data
2022,Missouri State Bears,Unknown,0,1,0,NA,NA,0,NA,Not enough model data
2022,Missouri Tigers,Unknown,6,6,0.5,NA,NA,0,NA,Not enough model data
2022,Montana State Bobcats,Unknown,0,1,0,NA,NA,0,NA,Not enough model data
2022,Morgan State Bears,Unknown,0,1,0,NA,NA,0,NA,Not enough model data
2022,Murray State Racers,Unknown,0,2,0,NA,NA,0,NA,Not enough model data
2022,NC State Wolfpack,Unknown,8,4,0.6666666666666669,NA,NA,0,NA,Not enough model data
2022,Navy Midshipmen,Unknown,4,8,0.3333333333333329,NA,NA,0,NA,Not enough model data
2022,Nebraska Cornhuskers,Unknown,4,8,0.3333333333333329,NA,NA,0,NA,Not enough model data
2022,Nevada Wolf Pack,Unknown,2,10,0.166666666666667,NA,NA,0,NA,Not enough model data
2022,New Hampshire Wildcats,Unknown,0,1,0,NA,NA,0,NA,Not enough model data
2022,New Mexico Lobos,Unknown,2,10,0.166666666666667,NA,NA,0,NA,Not enough model data
2022,New Mexico State Aggies,Unknown,6,6,0.5,NA,NA,0,NA,Not enough model data
2022,Nicholls Colonels,Unknown,0,2,0,NA,NA,0,NA,Not enough model data
2022,Norfolk State Spartans,Unknown,0,2,0,NA,NA,0,NA,Not enough model data
2022,North Alabama Lions,Unknown,0,1,0,NA,NA,0,NA,Not enough model data
2022,North Carolina A&T Aggies,Unknown,0,1,0,NA,NA,0,NA,Not enough model data
2022,North Carolina Tar Heels,Unknown,9,4,0.692307692307692,NA,NA,0,NA,Not enough model data
2022,North Dakota Fighting Hawks,Unknown,0,1,0,NA,NA,0,NA,Not enough model data
2022,North Dakota State Bison,Unknown,0,1,0,NA,NA,0,NA,Not enough model data
2022,North Texas Mean Green,Unknown,7,6,0.538461538461538,NA,NA,0,NA,Not enough model data
2022,Northern Arizona Lumberjacks,Unknown,0,1,0,NA,NA,0,NA,Not enough model data
2022,Northern Colorado Bears,Unknown,0,1,0,NA,NA,0,NA,Not enough model data
2022,Northern Illinois Huskies,Unknown,3,9,0.25,NA,NA,0,NA,Not enough model data
2022,Northern Iowa Panthers,Unknown,0,1,0,NA,NA,0,NA,Not enough model data
2022,Northwestern State Demons,Unknown,0,1,0,NA,NA,0,NA,Not enough model data
2022,Northwestern Wildcats,Unknown,1,11,0.0833333333333333,NA,NA,0,NA,Not enough model data
2022,Notre Dame Fighting Irish,Unknown,8,4,0.6666666666666669,NA,NA,0,NA,Not enough model data
2022,Ohio Bobcats,Unknown,9,4,0.692307692307692,NA,NA,0,NA,Not enough model data
2022,Ohio State Buckeyes,Unknown,11,1,0.916666666666667,NA,NA,0,NA,Not enough model data
2022,Oklahoma Sooners,Unknown,6,6,0.5,NA,NA,0,NA,Not enough model data
2022,Oklahoma State Cowboys,Unknown,7,5,0.5833333333333329,NA,NA,0,NA,Not enough model data
2022,Old Dominion Monarchs,Unknown,3,9,0.25,NA,NA,0,NA,Not enough model data
2022,Ole Miss Rebels,Unknown,8,4,0.6666666666666669,NA,NA,0,NA,Not enough model data
2022,Oregon Ducks,Unknown,9,3,0.75,NA,NA,0,NA,Not enough model data
2022,Oregon State Beavers,Unknown,9,3,0.75,NA,NA,0,NA,Not enough model data
2022,Penn State Nittany Lions,Unknown,10,2,0.833333333333333,NA,NA,0,NA,Not enough model data
2022,Pittsburgh Panthers,Unknown,8,4,0.6666666666666669,NA,NA,0,NA,Not enough model data
2022,Portland State Vikings,Unknown,0,2,0,NA,NA,0,NA,Not enough model data
2022,Purdue Boilermakers,Unknown,8,5,0.615384615384615,NA,NA,0,NA,Not enough model data
2022,Rhode Island Rams,Unknown,0,1,0,NA,NA,0,NA,Not enough model data
2022,Rice Owls,Unknown,5,7,0.4166666666666671,NA,NA,0,NA,Not enough model data
2022,Richmond Spiders,Unknown,0,1,0,NA,NA,0,NA,Not enough model data
2022,Robert Morris Colonials,Unknown,0,2,0,NA,NA,0,NA,Not enough model data
2022,Rutgers Scarlet Knights,Unknown,4,8,0.3333333333333329,NA,NA,0,NA,Not enough model data
2022,SE Louisiana Lions,Unknown,0,2,0,NA,NA,0,NA,Not enough model data
2022,SMU Mustangs,Unknown,7,5,0.5833333333333329,NA,NA,0,NA,Not enough model data
2022,Sacramento State Hornets,Unknown,1,0,1,NA,NA,0,NA,Not enough model data
2022,Sam Houston Bearkats,Unknown,0,1,0,NA,NA,0,NA,Not enough model data
2022,Samford Bulldogs,Unknown,0,1,0,NA,NA,0,NA,Not enough model data
2022,San Diego State Aztecs,Unknown,7,5,0.5833333333333329,NA,NA,0,NA,Not enough model data
2022,San José State Spartans,Unknown,7,4,0.636363636363636,NA,NA,0,NA,Not enough model data
2022,South Alabama Jaguars,Unknown,10,2,0.833333333333333,NA,NA,0,NA,Not enough model data
2022,South Carolina Gamecocks,Unknown,8,4,0.6666666666666669,NA,NA,0,NA,Not enough model data
2022,South Carolina State Bulldogs,Unknown,0,2,0,NA,NA,0,NA,Not enough model data
2022,South Dakota Coyotes,Unknown,0,1,0,NA,NA,0,NA,Not enough model data
2022,South Dakota State Jackrabbits,Unknown,0,1,0,NA,NA,0,NA,Not enough model data
2022,South Florida Bulls,Unknown,1,11,0.0833333333333333,NA,NA,0,NA,Not enough model data
2022,Southeast Missouri State Redhawks,Unknown,0,1,0,NA,NA,0,NA,Not enough model data
2022,Southern Illinois Salukis,Unknown,1,0,1,NA,NA,0,NA,Not enough model data
2022,Southern Jaguars,Unknown,0,1,0,NA,NA,0,NA,Not enough model data
2022,Southern Miss Golden Eagles,Unknown,6,6,0.5,NA,NA,0,NA,Not enough model data
2022,Southern Utah Thunderbirds,Unknown,0,1,0,NA,NA,0,NA,Not enough model data
2022,St. Francis Red Flash,Unknown,0,1,0,NA,NA,0,NA,Not enough model data
2022,Stanford Cardinal,Unknown,3,9,0.25,NA,NA,0,NA,Not enough model data
2022,Stephen F. Austin Lumberjacks,Unknown,0,1,0,NA,NA,0,NA,Not enough model data
2022,Stony Brook Seawolves,Unknown,0,1,0,NA,NA,0,NA,Not enough model data
2022,Syracuse Orange,Unknown,7,5,0.5833333333333329,NA,NA,0,NA,Not enough model data
2022,TCU Horned Frogs,Unknown,12,1,0.9230769230769228,NA,NA,0,NA,Not enough model data
2022,Tarleton Texans,Unknown,0,1,0,NA,NA,0,NA,Not enough model data
2022,Temple Owls,Unknown,3,9,0.25,NA,NA,0,NA,Not enough model data
2022,Tennessee State Tigers,Unknown,0,1,0,NA,NA,0,NA,Not enough model data
2022,Tennessee Tech Golden Eagles,Unknown,0,1,0,NA,NA,0,NA,Not enough model data
2022,Tennessee Volunteers,Unknown,10,2,0.833333333333333,NA,NA,0,NA,Not enough model data
2022,Texas A&M Aggies,Unknown,5,7,0.4166666666666671,NA,NA,0,NA,Not enough model data
2022,Texas Longhorns,Unknown,8,4,0.6666666666666669,NA,NA,0,NA,Not enough model data
2022,Texas Southern Tigers,Unknown,0,2,0,NA,NA,0,NA,Not enough model data
2022,Texas State Bobcats,Unknown,4,8,0.3333333333333329,NA,NA,0,NA,Not enough model data
2022,Texas Tech Red Raiders,Unknown,7,5,0.5833333333333329,NA,NA,0,NA,Not enough model data
2022,The Citadel Bulldogs,Unknown,0,1,0,NA,NA,0,NA,Not enough model data
2022,Toledo Rockets,Unknown,8,5,0.615384615384615,NA,NA,0,NA,Not enough model data
2022,Towson Tigers,Unknown,0,1,0,NA,NA,0,NA,Not enough model data
2022,Troy Trojans,Unknown,11,2,0.8461538461538461,NA,NA,0,NA,Not enough model data
2022,Tulane Green Wave,Unknown,11,2,0.8461538461538461,NA,NA,0,NA,Not enough model data
2022,Tulsa Golden Hurricane,Unknown,5,7,0.4166666666666671,NA,NA,0,NA,Not enough model data
2022,UAB Blazers,Unknown,6,6,0.5,NA,NA,0,NA,Not enough model data
2022,UC Davis Aggies,Unknown,0,1,0,NA,NA,0,NA,Not enough model data
2022,UCF Knights,Unknown,9,4,0.692307692307692,NA,NA,0,NA,Not enough model data
2022,UCLA Bruins,Unknown,9,3,0.75,NA,NA,0,NA,Not enough model data
2022,UConn Huskies,Unknown,6,6,0.5,NA,NA,0,NA,Not enough model data
2022,UL Monroe Warhawks,Unknown,4,8,0.3333333333333329,NA,NA,0,NA,Not enough model data
2022,UNLV Rebels,Unknown,5,7,0.4166666666666671,NA,NA,0,NA,Not enough model data
2022,USC Trojans,Unknown,11,2,0.8461538461538461,NA,NA,0,NA,Not enough model data
2022,UT Martin Skyhawks,Unknown,0,2,0,NA,NA,0,NA,Not enough model data
2022,UTEP Miners,Unknown,5,7,0.4166666666666671,NA,NA,0,NA,Not enough model data
2022,UTSA Roadrunners,Unknown,11,2,0.8461538461538461,NA,NA,0,NA,Not enough model data
2022,Utah State Aggies,Unknown,6,6,0.5,NA,NA,0,NA,Not enough model data
2022,Utah Tech Trailblazers,Unknown,0,1,0,NA,NA,0,NA,Not enough model data
2022,Utah Utes,Unknown,10,3,0.7692307692307688,NA,NA,0,NA,Not enough model data
2022,VMI Keydets,Unknown,0,1,0,NA,NA,0,NA,Not enough model data
2022,Valparaiso Beacons,Unknown,0,1,0,NA,NA,0,NA,Not enough model data
2022,Vanderbilt Commodores,Unknown,5,7,0.4166666666666671,NA,NA,0,NA,Not enough model data
2022,Villanova Wildcats,Unknown,0,1,0,NA,NA,0,NA,Not enough model data
2022,Virginia Cavaliers,Unknown,3,7,0.3,NA,NA,0,NA,Not enough model data
2022,Virginia Tech Hokies,Unknown,3,8,0.27272727272727304,NA,NA,0,NA,Not enough model data
2022,Wagner Seahawks,Unknown,0,2,0,NA,NA,0,NA,Not enough model data
2022,Wake Forest Demon Deacons,Unknown,7,5,0.5833333333333329,NA,NA,0,NA,Not enough model data
2022,Washington Huskies,Unknown,10,2,0.833333333333333,NA,NA,0,NA,Not enough model data
2022,Washington State Cougars,Unknown,7,5,0.5833333333333329,NA,NA,0,NA,Not enough model data
2022,Weber State Wildcats,Unknown,1,0,1,NA,NA,0,NA,Not enough model data
2022,West Virginia Mountaineers,Unknown,5,7,0.4166666666666671,NA,NA,0,NA,Not enough model data
2022,Western Carolina Catamounts,Unknown,0,1,0,NA,NA,0,NA,Not enough model data
2022,Western Illinois Leathernecks,Unknown,0,1,0,NA,NA,0,NA,Not enough model data
2022,Western Kentucky Hilltoppers,Unknown,8,5,0.615384615384615,NA,NA,0,NA,Not enough model data
2022,Western Michigan Broncos,Unknown,5,7,0.4166666666666671,NA,NA,0,NA,Not enough model data
2022,William & Mary Tribe,Unknown,1,0,1,NA,NA,0,NA,Not enough model data
2022,Wisconsin Badgers,Unknown,6,6,0.5,NA,NA,0,NA,Not enough model data
2022,Wofford Terriers,Unknown,0,1,0,NA,NA,0,NA,Not enough model data
2022,Wyoming Cowboys,Unknown,7,5,0.5833333333333329,NA,NA,0,NA,Not enough model data
2022,Youngstown State Penguins,Unknown,0,1,0,NA,NA,0,NA,Not enough model data
2021,Abilene Christian Wildcats,Unknown,0,1,0,NA,NA,0,NA,Not enough model data
2021,Air Force Falcons,Unknown,9,3,0.75,NA,NA,0,NA,Not enough model data
2021,Akron Zips,Unknown,2,10,0.166666666666667,NA,NA,0,NA,Not enough model data
2021,Alabama Crimson Tide,Unknown,12,1,0.9230769230769228,NA,NA,0,NA,Not enough model data
2021,Alabama State Hornets,Unknown,0,1,0,NA,NA,0,NA,Not enough model data
2021,Albany Great Danes,Unknown,0,1,0,NA,NA,0,NA,Not enough model data
2021,Alcorn State Braves,Unknown,0,1,0,NA,NA,0,NA,Not enough model data
2021,Appalachian State Mountaineers,Unknown,10,3,0.7692307692307688,NA,NA,0,NA,Not enough model data
2021,Arizona State Sun Devils,Unknown,8,4,0.6666666666666669,NA,NA,0,NA,Not enough model data
2021,Arizona Wildcats,Unknown,1,11,0.0833333333333333,NA,NA,0,NA,Not enough model data
2021,Arkansas Razorbacks,Unknown,8,4,0.6666666666666669,NA,NA,0,NA,Not enough model data
2021,Arkansas State Red Wolves,Unknown,2,10,0.166666666666667,NA,NA,0,NA,Not enough model data
2021,Arkansas-Pine Bluff Golden Lions,Unknown,0,1,0,NA,NA,0,NA,Not enough model data
2021,Army Black Knights,Unknown,8,4,0.6666666666666669,NA,NA,0,NA,Not enough model data
2021,Auburn Tigers,Unknown,6,6,0.5,NA,NA,0,NA,Not enough model data
2021,Austin Peay Governors,Unknown,0,1,0,NA,NA,0,NA,Not enough model data
2021,BYU Cougars,Unknown,10,2,0.833333333333333,NA,NA,0,NA,Not enough model data
2021,Ball State Cardinals,Unknown,6,6,0.5,NA,NA,0,NA,Not enough model data
2021,Baylor Bears,Unknown,11,2,0.8461538461538461,NA,NA,0,NA,Not enough model data
2021,Bethune-Cookman Wildcats,Unknown,0,2,0,NA,NA,0,NA,Not enough model data
2021,Boise State Broncos,Unknown,7,5,0.5833333333333329,NA,NA,0,NA,Not enough model data
2021,Boston College Eagles,Unknown,6,6,0.5,NA,NA,0,NA,Not enough model data
2021,Bowling Green Falcons,Unknown,4,8,0.3333333333333329,NA,NA,0,NA,Not enough model data
2021,Bryant Bulldogs,Unknown,0,1,0,NA,NA,0,NA,Not enough model data
2021,Bucknell Bison,Unknown,0,1,0,NA,NA,0,NA,Not enough model data
2021,Buffalo Bulls,Unknown,4,8,0.3333333333333329,NA,NA,0,NA,Not enough model data
2021,Cal Poly Mustangs,Unknown,0,1,0,NA,NA,0,NA,Not enough model data
2021,California Golden Bears,Unknown,5,7,0.4166666666666671,NA,NA,0,NA,Not enough model data
2021,Campbell Fighting Camels,Unknown,0,1,0,NA,NA,0,NA,Not enough model data
2021,Central Arkansas Bears,Unknown,0,1,0,NA,NA,0,NA,Not enough model data
2021,Central Connecticut Blue Devils,Unknown,0,1,0,NA,NA,0,NA,Not enough model data
2021,Central Michigan Chippewas,Unknown,8,4,0.6666666666666669,NA,NA,0,NA,Not enough model data
2021,Charleston Southern Buccaneers,Unknown,0,2,0,NA,NA,0,NA,Not enough model data
2021,Charlotte 49ers,Unknown,5,7,0.4166666666666671,NA,NA,0,NA,Not enough model data
2021,Chattanooga Mocs,Unknown,0,1,0,NA,NA,0,NA,Not enough model data
2021,Cincinnati Bearcats,Unknown,13,0,1,NA,NA,0,NA,Not enough model data
2021,Clemson Tigers,Unknown,9,3,0.75,NA,NA,0,NA,Not enough model data
2021,Coastal Carolina Chanticleers,Unknown,10,2,0.833333333333333,NA,NA,0,NA,Not enough model data
2021,Colgate Raiders,Unknown,0,1,0,NA,NA,0,NA,Not enough model data
2021,Colorado Buffaloes,Unknown,4,8,0.3333333333333329,NA,NA,0,NA,Not enough model data
2021,Colorado State Rams,Unknown,3,9,0.25,NA,NA,0,NA,Not enough model data
2021,Delaware Blue Hens,Unknown,0,1,0,NA,NA,0,NA,Not enough model data
2021,Duke Blue Devils,Unknown,3,9,0.25,NA,NA,0,NA,Not enough model data
2021,Duquesne Dukes,Unknown,1,1,0.5,NA,NA,0,NA,Not enough model data
2021,East Carolina Pirates,Unknown,7,5,0.5833333333333329,NA,NA,0,NA,Not enough model data
2021,East Tennessee State Buccaneers,Unknown,1,0,1,NA,NA,0,NA,Not enough model data
2021,Eastern Illinois Panthers,Unknown,0,1,0,NA,NA,0,NA,Not enough model data
2021,Eastern Kentucky Colonels,Unknown,0,1,0,NA,NA,0,NA,Not enough model data
2021,Eastern Michigan Eagles,Unknown,7,5,0.5833333333333329,NA,NA,0,NA,Not enough model data
2021,Eastern Washington Eagles,Unknown,1,0,1,NA,NA,0,NA,Not enough model data
2021,Elon Phoenix,Unknown,0,1,0,NA,NA,0,NA,Not enough model data
2021,Florida A&M Rattlers,Unknown,0,1,0,NA,NA,0,NA,Not enough model data
2021,Florida Atlantic Owls,Unknown,5,7,0.4166666666666671,NA,NA,0,NA,Not enough model data
2021,Florida Gators,Unknown,6,6,0.5,NA,NA,0,NA,Not enough model data
2021,Florida International Panthers,Unknown,1,11,0.0833333333333333,NA,NA,0,NA,Not enough model data
2021,Florida State Seminoles,Unknown,5,7,0.4166666666666671,NA,NA,0,NA,Not enough model data
2021,Fordham Rams,Unknown,0,2,0,NA,NA,0,NA,Not enough model data
2021,Fresno State Bulldogs,Unknown,9,3,0.75,NA,NA,0,NA,Not enough model data
2021,Furman Paladins,Unknown,0,1,0,NA,NA,0,NA,Not enough model data
2021,Gardner-Webb Runnin' Bulldogs,Unknown,0,2,0,NA,NA,0,NA,Not enough model data
2021,Georgia Bulldogs,Unknown,12,1,0.9230769230769228,NA,NA,0,NA,Not enough model data
2021,Georgia Southern Eagles,Unknown,3,9,0.25,NA,NA,0,NA,Not enough model data
2021,Georgia State Panthers,Unknown,7,5,0.5833333333333329,NA,NA,0,NA,Not enough model data
2021,Georgia Tech Yellow Jackets,Unknown,3,9,0.25,NA,NA,0,NA,Not enough model data
2021,Grambling Tigers,Unknown,0,2,0,NA,NA,0,NA,Not enough model data
2021,Hampton Pirates,Unknown,0,1,0,NA,NA,0,NA,Not enough model data
2021,Hawai'i Rainbow Warriors,Unknown,6,7,0.46153846153846206,NA,NA,0,NA,Not enough model data
2021,Holy Cross Crusaders,Unknown,1,0,1,NA,NA,0,NA,Not enough model data
2021,Houston Baptist Huskies,Unknown,0,1,0,NA,NA,0,NA,Not enough model data
2021,Houston Cougars,Unknown,11,2,0.8461538461538461,NA,NA,0,NA,Not enough model data
2021,Howard Bison,Unknown,0,1,0,NA,NA,0,NA,Not enough model data
2021,Idaho State Bengals,Unknown,0,2,0,NA,NA,0,NA,Not enough model data
2021,Idaho Vandals,Unknown,0,2,0,NA,NA,0,NA,Not enough model data
2021,Illinois Fighting Illini,Unknown,5,7,0.4166666666666671,NA,NA,0,NA,Not enough model data
2021,Illinois State Redbirds,Unknown,0,1,0,NA,NA,0,NA,Not enough model data
2021,Incarnate Word Cardinals,Unknown,1,0,1,NA,NA,0,NA,Not enough model data
2021,Indiana Hoosiers,Unknown,2,10,0.166666666666667,NA,NA,0,NA,Not enough model data
2021,Indiana State Sycamores,Unknown,0,1,0,NA,NA,0,NA,Not enough model data
2021,Iowa Hawkeyes,Unknown,10,3,0.7692307692307688,NA,NA,0,NA,Not enough model data
2021,Iowa State Cyclones,Unknown,7,5,0.5833333333333329,NA,NA,0,NA,Not enough model data
2021,Jackson State Tigers,Unknown,0,1,0,NA,NA,0,NA,Not enough model data
2021,Jacksonville State Gamecocks,Unknown,1,1,0.5,NA,NA,0,NA,Not enough model data
2021,Kansas Jayhawks,Unknown,2,10,0.166666666666667,NA,NA,0,NA,Not enough model data
2021,Kansas State Wildcats,Unknown,7,5,0.5833333333333329,NA,NA,0,NA,Not enough model data
2021,Kennesaw State Owls,Unknown,0,1,0,NA,NA,0,NA,Not enough model data
2021,Kent State Golden Flashes,Unknown,7,6,0.538461538461538,NA,NA,0,NA,Not enough model data
2021,Kentucky Wildcats,Unknown,9,3,0.75,NA,NA,0,NA,Not enough model data
2021,LSU Tigers,Unknown,6,6,0.5,NA,NA,0,NA,Not enough model data
2021,Lafayette Leopards,Unknown,0,1,0,NA,NA,0,NA,Not enough model data
2021,Lamar Cardinals,Unknown,0,1,0,NA,NA,0,NA,Not enough model data
2021,Liberty Flames,Unknown,7,5,0.5833333333333329,NA,NA,0,NA,Not enough model data
2021,Long Island University Sharks,Unknown,0,3,0,NA,NA,0,NA,Not enough model data
2021,Louisiana Ragin' Cajuns,Unknown,12,1,0.9230769230769228,NA,NA,0,NA,Not enough model data
2021,Louisiana Tech Bulldogs,Unknown,3,9,0.25,NA,NA,0,NA,Not enough model data
2021,Louisville Cardinals,Unknown,6,6,0.5,NA,NA,0,NA,Not enough model data
2021,Maine Black Bears,Unknown,1,1,0.5,NA,NA,0,NA,Not enough model data
2021,Marshall Thundering Herd,Unknown,7,5,0.5833333333333329,NA,NA,0,NA,Not enough model data
2021,Maryland Terrapins,Unknown,6,6,0.5,NA,NA,0,NA,Not enough model data
2021,Massachusetts Minutemen,Unknown,1,11,0.0833333333333333,NA,NA,0,NA,Not enough model data
2021,McNeese Cowboys,Unknown,0,1,0,NA,NA,0,NA,Not enough model data
2021,Memphis Tigers,Unknown,6,6,0.5,NA,NA,0,NA,Not enough model data
2021,Mercer Bears,Unknown,0,1,0,NA,NA,0,NA,Not enough model data
2021,Miami Hurricanes,Unknown,7,5,0.5833333333333329,NA,NA,0,NA,Not enough model data
2021,Miami RedHawks,Unknown,6,6,0.5,NA,NA,0,NA,Not enough model data
2021,Michigan State Spartans,Unknown,10,2,0.833333333333333,NA,NA,0,NA,Not enough model data
2021,Michigan Wolverines,Unknown,12,1,0.9230769230769228,NA,NA,0,NA,Not enough model data
2021,Middle Tennessee Blue Raiders,Unknown,6,6,0.5,NA,NA,0,NA,Not enough model data
2021,Minnesota Golden Gophers,Unknown,8,4,0.6666666666666669,NA,NA,0,NA,Not enough model data
2021,Mississippi State Bulldogs,Unknown,7,5,0.5833333333333329,NA,NA,0,NA,Not enough model data
2021,Missouri State Bears,Unknown,0,1,0,NA,NA,0,NA,Not enough model data
2021,Missouri Tigers,Unknown,6,6,0.5,NA,NA,0,NA,Not enough model data
2021,Monmouth Hawks,Unknown,0,1,0,NA,NA,0,NA,Not enough model data
2021,Montana Grizzlies,Unknown,1,0,1,NA,NA,0,NA,Not enough model data
2021,Montana State Bobcats,Unknown,0,1,0,NA,NA,0,NA,Not enough model data
2021,Morgan State Bears,Unknown,0,1,0,NA,NA,0,NA,Not enough model data
2021,Murray State Racers,Unknown,0,2,0,NA,NA,0,NA,Not enough model data
2021,NC State Wolfpack,Unknown,9,3,0.75,NA,NA,0,NA,Not enough model data
2021,Navy Midshipmen,Unknown,4,8,0.3333333333333329,NA,NA,0,NA,Not enough model data
2021,Nebraska Cornhuskers,Unknown,3,9,0.25,NA,NA,0,NA,Not enough model data
2021,Nevada Wolf Pack,Unknown,8,4,0.6666666666666669,NA,NA,0,NA,Not enough model data
2021,New Hampshire Wildcats,Unknown,0,1,0,NA,NA,0,NA,Not enough model data
2021,New Mexico Lobos,Unknown,3,9,0.25,NA,NA,0,NA,Not enough model data
2021,New Mexico State Aggies,Unknown,2,10,0.166666666666667,NA,NA,0,NA,Not enough model data
2021,Nicholls Colonels,Unknown,0,2,0,NA,NA,0,NA,Not enough model data
2021,Norfolk State Spartans,Unknown,0,2,0,NA,NA,0,NA,Not enough model data
2021,North Carolina A&T Aggies,Unknown,0,1,0,NA,NA,0,NA,Not enough model data
2021,North Carolina Central Eagles,Unknown,0,1,0,NA,NA,0,NA,Not enough model data
2021,North Carolina Tar Heels,Unknown,6,6,0.5,NA,NA,0,NA,Not enough model data
2021,North Dakota Fighting Hawks,Unknown,0,1,0,NA,NA,0,NA,Not enough model data
2021,North Texas Mean Green,Unknown,6,6,0.5,NA,NA,0,NA,Not enough model data
2021,Northern Arizona Lumberjacks,Unknown,1,0,1,NA,NA,0,NA,Not enough model data
2021,Northern Colorado Bears,Unknown,0,1,0,NA,NA,0,NA,Not enough model data
2021,Northern Illinois Huskies,Unknown,9,4,0.692307692307692,NA,NA,0,NA,Not enough model data
2021,Northern Iowa Panthers,Unknown,0,1,0,NA,NA,0,NA,Not enough model data
2021,Northwestern State Demons,Unknown,0,1,0,NA,NA,0,NA,Not enough model data
2021,Northwestern Wildcats,Unknown,3,9,0.25,NA,NA,0,NA,Not enough model data
2021,Notre Dame Fighting Irish,Unknown,11,1,0.916666666666667,NA,NA,0,NA,Not enough model data
2021,Ohio Bobcats,Unknown,3,9,0.25,NA,NA,0,NA,Not enough model data
2021,Ohio State Buckeyes,Unknown,10,2,0.833333333333333,NA,NA,0,NA,Not enough model data
2021,Oklahoma Sooners,Unknown,10,2,0.833333333333333,NA,NA,0,NA,Not enough model data
2021,Oklahoma State Cowboys,Unknown,11,2,0.8461538461538461,NA,NA,0,NA,Not enough model data
2021,Old Dominion Monarchs,Unknown,6,6,0.5,NA,NA,0,NA,Not enough model data
2021,Ole Miss Rebels,Unknown,10,2,0.833333333333333,NA,NA,0,NA,Not enough model data
2021,Oregon Ducks,Unknown,10,3,0.7692307692307688,NA,NA,0,NA,Not enough model data
2021,Oregon State Beavers,Unknown,7,5,0.5833333333333329,NA,NA,0,NA,Not enough model data
2021,Penn State Nittany Lions,Unknown,7,5,0.5833333333333329,NA,NA,0,NA,Not enough model data
2021,Pittsburgh Panthers,Unknown,11,2,0.8461538461538461,NA,NA,0,NA,Not enough model data
2021,Portland State Vikings,Unknown,0,2,0,NA,NA,0,NA,Not enough model data
2021,Prairie View A&M Panthers,Unknown,0,1,0,NA,NA,0,NA,Not enough model data
2021,Purdue Boilermakers,Unknown,8,4,0.6666666666666669,NA,NA,0,NA,Not enough model data
2021,Rhode Island Rams,Unknown,1,0,1,NA,NA,0,NA,Not enough model data
2021,Rice Owls,Unknown,4,8,0.3333333333333329,NA,NA,0,NA,Not enough model data
2021,Richmond Spiders,Unknown,0,1,0,NA,NA,0,NA,Not enough model data
2021,Robert Morris Colonials,Unknown,0,1,0,NA,NA,0,NA,Not enough model data
2021,Rutgers Scarlet Knights,Unknown,5,7,0.4166666666666671,NA,NA,0,NA,Not enough model data
2021,SE Louisiana Lions,Unknown,0,1,0,NA,NA,0,NA,Not enough model data
2021,SMU Mustangs,Unknown,8,4,0.6666666666666669,NA,NA,0,NA,Not enough model data
2021,Sacramento State Hornets,Unknown,0,1,0,NA,NA,0,NA,Not enough model data
2021,Samford Bulldogs,Unknown,0,1,0,NA,NA,0,NA,Not enough model data
2021,San Diego State Aztecs,Unknown,11,2,0.8461538461538461,NA,NA,0,NA,Not enough model data
2021,San José State Spartans,Unknown,5,7,0.4166666666666671,NA,NA,0,NA,Not enough model data
2021,South Alabama Jaguars,Unknown,5,7,0.4166666666666671,NA,NA,0,NA,Not enough model data
2021,South Carolina Gamecocks,Unknown,6,6,0.5,NA,NA,0,NA,Not enough model data
2021,South Carolina State Bulldogs,Unknown,0,2,0,NA,NA,0,NA,Not enough model data
2021,South Dakota Coyotes,Unknown,0,1,0,NA,NA,0,NA,Not enough model data
2021,South Dakota State Jackrabbits,Unknown,1,0,1,NA,NA,0,NA,Not enough model data
2021,South Florida Bulls,Unknown,2,10,0.166666666666667,NA,NA,0,NA,Not enough model data
2021,Southeast Missouri State Redhawks,Unknown,0,1,0,NA,NA,0,NA,Not enough model data
2021,Southern Illinois Salukis,Unknown,0,1,0,NA,NA,0,NA,Not enough model data
2021,Southern Jaguars,Unknown,0,1,0,NA,NA,0,NA,Not enough model data
2021,Southern Miss Golden Eagles,Unknown,3,9,0.25,NA,NA,0,NA,Not enough model data
2021,Southern Utah Thunderbirds,Unknown,0,2,0,NA,NA,0,NA,Not enough model data
2021,St. Francis Red Flash,Unknown,0,1,0,NA,NA,0,NA,Not enough model data
2021,Stanford Cardinal,Unknown,3,9,0.25,NA,NA,0,NA,Not enough model data
2021,Stephen F. Austin Lumberjacks,Unknown,0,1,0,NA,NA,0,NA,Not enough model data
2021,Stony Brook Seawolves,Unknown,0,1,0,NA,NA,0,NA,Not enough model data
2021,Syracuse Orange,Unknown,5,7,0.4166666666666671,NA,NA,0,NA,Not enough model data
2021,TCU Horned Frogs,Unknown,5,7,0.4166666666666671,NA,NA,0,NA,Not enough model data
2021,Temple Owls,Unknown,3,9,0.25,NA,NA,0,NA,Not enough model data
2021,Tennessee State Tigers,Unknown,0,1,0,NA,NA,0,NA,Not enough model data
2021,Tennessee Tech Golden Eagles,Unknown,0,1,0,NA,NA,0,NA,Not enough model data
2021,Tennessee Volunteers,Unknown,7,5,0.5833333333333329,NA,NA,0,NA,Not enough model data
2021,Texas A&M Aggies,Unknown,8,4,0.6666666666666669,NA,NA,0,NA,Not enough model data
2021,Texas Longhorns,Unknown,5,7,0.4166666666666671,NA,NA,0,NA,Not enough model data
2021,Texas Southern Tigers,Unknown,0,2,0,NA,NA,0,NA,Not enough model data
2021,Texas State Bobcats,Unknown,4,8,0.3333333333333329,NA,NA,0,NA,Not enough model data
2021,Texas Tech Red Raiders,Unknown,6,6,0.5,NA,NA,0,NA,Not enough model data
2021,The Citadel Bulldogs,Unknown,0,1,0,NA,NA,0,NA,Not enough model data
2021,Toledo Rockets,Unknown,7,5,0.5833333333333329,NA,NA,0,NA,Not enough model data
2021,Towson Tigers,Unknown,0,1,0,NA,NA,0,NA,Not enough model data
2021,Troy Trojans,Unknown,5,7,0.4166666666666671,NA,NA,0,NA,Not enough model data
2021,Tulane Green Wave,Unknown,2,10,0.166666666666667,NA,NA,0,NA,Not enough model data
2021,Tulsa Golden Hurricane,Unknown,6,6,0.5,NA,NA,0,NA,Not enough model data
2021,UAB Blazers,Unknown,8,4,0.6666666666666669,NA,NA,0,NA,Not enough model data
2021,UC Davis Aggies,Unknown,1,0,1,NA,NA,0,NA,Not enough model data
2021,UCF Knights,Unknown,8,4,0.6666666666666669,NA,NA,0,NA,Not enough model data
2021,UCLA Bruins,Unknown,8,4,0.6666666666666669,NA,NA,0,NA,Not enough model data
2021,UConn Huskies,Unknown,1,11,0.0833333333333333,NA,NA,0,NA,Not enough model data
2021,UL Monroe Warhawks,Unknown,4,8,0.3333333333333329,NA,NA,0,NA,Not enough model data
2021,UNLV Rebels,Unknown,2,10,0.166666666666667,NA,NA,0,NA,Not enough model data
2021,USC Trojans,Unknown,4,8,0.3333333333333329,NA,NA,0,NA,Not enough model data
2021,UT Martin Skyhawks,Unknown,0,1,0,NA,NA,0,NA,Not enough model data
2021,UTEP Miners,Unknown,7,5,0.5833333333333329,NA,NA,0,NA,Not enough model data
2021,UTSA Roadrunners,Unknown,12,1,0.9230769230769228,NA,NA,0,NA,Not enough model data
2021,Utah State Aggies,Unknown,10,3,0.7692307692307688,NA,NA,0,NA,Not enough model data
2021,Utah Utes,Unknown,10,3,0.7692307692307688,NA,NA,0,NA,Not enough model data
2021,VMI Keydets,Unknown,0,1,0,NA,NA,0,NA,Not enough model data
2021,Vanderbilt Commodores,Unknown,2,10,0.166666666666667,NA,NA,0,NA,Not enough model data
2021,Villanova Wildcats,Unknown,0,1,0,NA,NA,0,NA,Not enough model data
2021,Virginia Cavaliers,Unknown,6,6,0.5,NA,NA,0,NA,Not enough model data
2021,Virginia Tech Hokies,Unknown,6,6,0.5,NA,NA,0,NA,Not enough model data
2021,Wagner Seahawks,Unknown,0,2,0,NA,NA,0,NA,Not enough model data
2021,Wake Forest Demon Deacons,Unknown,10,3,0.7692307692307688,NA,NA,0,NA,Not enough model data
2021,Washington Huskies,Unknown,4,8,0.3333333333333329,NA,NA,0,NA,Not enough model data
2021,Washington State Cougars,Unknown,7,5,0.5833333333333329,NA,NA,0,NA,Not enough model data
2021,Weber State Wildcats,Unknown,0,1,0,NA,NA,0,NA,Not enough model data
2021,West Virginia Mountaineers,Unknown,6,6,0.5,NA,NA,0,NA,Not enough model data
2021,Western Carolina Catamounts,Unknown,0,1,0,NA,NA,0,NA,Not enough model data
2021,Western Illinois Leathernecks,Unknown,0,1,0,NA,NA,0,NA,Not enough model data
2021,Western Kentucky Hilltoppers,Unknown,8,5,0.615384615384615,NA,NA,0,NA,Not enough model data
2021,Western Michigan Broncos,Unknown,7,5,0.5833333333333329,NA,NA,0,NA,Not enough model data
2021,William & Mary Tribe,Unknown,0,1,0,NA,NA,0,NA,Not enough model data
2021,Wisconsin Badgers,Unknown,8,4,0.6666666666666669,NA,NA,0,NA,Not enough model data
2021,Wofford Terriers,Unknown,0,1,0,NA,NA,0,NA,Not enough model data
2021,Wyoming Cowboys,Unknown,6,6,0.5,NA,NA,0,NA,Not enough model data
2021,Yale Bulldogs,Unknown,0,1,0,NA,NA,0,NA,Not enough model data
2021,Youngstown State Penguins,Unknown,0,1,0,NA,NA,0,NA,Not enough model data
