season,school,total_games,wins,losses,win_pct
2021,Abilene Christian Wildcats,1,0,1,0
2021,Air Force Falcons,12,9,3,0.75
2021,Akron Zips,12,2,10,0.16666666666666666
2021,Alabama Crimson Tide,13,12,1,0.9230769230769231
2021,Alabama State Hornets,1,0,1,0
2021,Albany Great Danes,1,0,1,0
2021,Alcorn State Braves,1,0,1,0
2021,Appalachian State Mountaineers,13,10,3,0.7692307692307693
2021,Arizona State Sun Devils,12,8,4,0.6666666666666666
2021,Arizona Wildcats,12,1,11,0.08333333333333333
2021,Arkansas Razorbacks,12,8,4,0.6666666666666666
2021,Arkansas State Red Wolves,12,2,10,0.16666666666666666
2021,Arkansas-Pine Bluff Golden Lions,1,0,1,0
2021,Army Black Knights,12,8,4,0.6666666666666666
2021,Auburn Tigers,12,6,6,0.5
2021,Austin Peay Governors,1,0,1,0
2021,BYU Cougars,12,10,2,0.8333333333333334
2021,Ball State Cardinals,12,6,6,0.5
2021,Baylor Bears,13,11,2,0.8461538461538461
2021,Bethune-Cookman Wildcats,2,0,2,0
2021,Boise State Broncos,12,7,5,0.5833333333333334
2021,Boston College Eagles,12,6,6,0.5
2021,Bowling Green Falcons,12,4,8,0.3333333333333333
2021,Bryant Bulldogs,1,0,1,0
2021,Bucknell Bison,1,0,1,0
2021,Buffalo Bulls,12,4,8,0.3333333333333333
2021,Cal Poly Mustangs,1,0,1,0
2021,California Golden Bears,12,5,7,0.4166666666666667
2021,Campbell Fighting Camels,1,0,1,0
2021,Central Arkansas Bears,1,0,1,0
2021,Central Connecticut Blue Devils,1,0,1,0
2021,Central Michigan Chippewas,12,8,4,0.6666666666666666
2021,Charleston Southern Buccaneers,2,0,2,0
2021,Charlotte 49ers,12,5,7,0.4166666666666667
2021,Chattanooga Mocs,1,0,1,0
2021,Cincinnati Bearcats,13,13,0,1
2021,Clemson Tigers,12,9,3,0.75
2021,Coastal Carolina Chanticleers,12,10,2,0.8333333333333334
2021,Colgate Raiders,1,0,1,0
2021,Colorado Buffaloes,12,4,8,0.3333333333333333
2021,Colorado State Rams,12,3,9,0.25
2021,Delaware Blue Hens,1,0,1,0
2021,Duke Blue Devils,12,3,9,0.25
2021,Duquesne Dukes,2,1,1,0.5
2021,East Carolina Pirates,12,7,5,0.5833333333333334
2021,East Tennessee State Buccaneers,1,1,0,1
2021,Eastern Illinois Panthers,1,0,1,0
2021,Eastern Kentucky Colonels,1,0,1,0
2021,Eastern Michigan Eagles,12,7,5,0.5833333333333334
2021,Eastern Washington Eagles,1,1,0,1
2021,Elon Phoenix,1,0,1,0
2021,Florida A&M Rattlers,1,0,1,0
2021,Florida Atlantic Owls,12,5,7,0.4166666666666667
2021,Florida Gators,12,6,6,0.5
2021,Florida International Panthers,12,1,11,0.08333333333333333
2021,Florida State Seminoles,12,5,7,0.4166666666666667
2021,Fordham Rams,2,0,2,0
2021,Fresno State Bulldogs,12,9,3,0.75
2021,Furman Paladins,1,0,1,0
2021,Gardner-Webb Runnin' Bulldogs,2,0,2,0
2021,Georgia Bulldogs,13,12,1,0.9230769230769231
2021,Georgia Southern Eagles,12,3,9,0.25
2021,Georgia State Panthers,12,7,5,0.5833333333333334
2021,Georgia Tech Yellow Jackets,12,3,9,0.25
2021,Grambling Tigers,2,0,2,0
2021,Hampton Pirates,1,0,1,0
2021,Hawai'i Rainbow Warriors,13,6,7,0.46153846153846156
2021,Holy Cross Crusaders,1,1,0,1
2021,Houston Baptist Huskies,1,0,1,0
2021,Houston Cougars,13,11,2,0.8461538461538461
2021,Howard Bison,1,0,1,0
2021,Idaho State Bengals,2,0,2,0
2021,Idaho Vandals,2,0,2,0
2021,Illinois Fighting Illini,12,5,7,0.4166666666666667
2021,Illinois State Redbirds,1,0,1,0
2021,Incarnate Word Cardinals,1,1,0,1
2021,Indiana Hoosiers,12,2,10,0.16666666666666666
2021,Indiana State Sycamores,1,0,1,0
2021,Iowa Hawkeyes,13,10,3,0.7692307692307693
2021,Iowa State Cyclones,12,7,5,0.5833333333333334
2021,Jackson State Tigers,1,0,1,0
2021,Jacksonville State Gamecocks,2,1,1,0.5
2021,Kansas Jayhawks,12,2,10,0.16666666666666666
2021,Kansas State Wildcats,12,7,5,0.5833333333333334
2021,Kennesaw State Owls,1,0,1,0
2021,Kent State Golden Flashes,13,7,6,0.5384615384615384
2021,Kentucky Wildcats,12,9,3,0.75
2021,LSU Tigers,12,6,6,0.5
2021,Lafayette Leopards,1,0,1,0
2021,Lamar Cardinals,1,0,1,0
2021,Liberty Flames,12,7,5,0.5833333333333334
2021,Long Island University Sharks,3,0,3,0
2021,Louisiana Ragin' Cajuns,13,12,1,0.9230769230769231
2021,Louisiana Tech Bulldogs,12,3,9,0.25
2021,Louisville Cardinals,12,6,6,0.5
2021,Maine Black Bears,2,1,1,0.5
2021,Marshall Thundering Herd,12,7,5,0.5833333333333334
2021,Maryland Terrapins,12,6,6,0.5
2021,Massachusetts Minutemen,12,1,11,0.08333333333333333
2021,McNeese Cowboys,1,0,1,0
2021,Memphis Tigers,12,6,6,0.5
2021,Mercer Bears,1,0,1,0
2021,Miami (OH) RedHawks,12,6,6,0.5
2021,Miami Hurricanes,12,7,5,0.5833333333333334
2021,Michigan State Spartans,12,10,2,0.8333333333333334
2021,Michigan Wolverines,13,12,1,0.9230769230769231
2021,Middle Tennessee Blue Raiders,12,6,6,0.5
2021,Minnesota Golden Gophers,12,8,4,0.6666666666666666
2021,Mississippi State Bulldogs,12,7,5,0.5833333333333334
2021,Missouri State Bears,1,0,1,0
2021,Missouri Tigers,12,6,6,0.5
2021,Monmouth Hawks,1,0,1,0
2021,Montana Grizzlies,1,1,0,1
2021,Montana State Bobcats,1,0,1,0
2021,Morgan State Bears,1,0,1,0
2021,Murray State Racers,2,0,2,0
2021,NC State Wolfpack,12,9,3,0.75
2021,Navy Midshipmen,12,4,8,0.3333333333333333
2021,Nebraska Cornhuskers,12,3,9,0.25
2021,Nevada Wolf Pack,12,8,4,0.6666666666666666
2021,New Hampshire Wildcats,1,0,1,0
2021,New Mexico Lobos,12,3,9,0.25
2021,New Mexico State Aggies,12,2,10,0.16666666666666666
2021,Nicholls Colonels,2,0,2,0
2021,Norfolk State Spartans,2,0,2,0
2021,North Carolina A&T Aggies,1,0,1,0
2021,North Carolina Central Eagles,1,0,1,0
2021,North Carolina Tar Heels,12,6,6,0.5
2021,North Dakota Fighting Hawks,1,0,1,0
2021,North Texas Mean Green,12,6,6,0.5
2021,Northern Arizona Lumberjacks,1,1,0,1
2021,Northern Colorado Bears,1,0,1,0
2021,Northern Illinois Huskies,13,9,4,0.6923076923076923
2021,Northern Iowa Panthers,1,0,1,0
2021,Northwestern State Demons,1,0,1,0
2021,Northwestern Wildcats,12,3,9,0.25
2021,Notre Dame Fighting Irish,12,11,1,0.9166666666666666
2021,Ohio Bobcats,12,3,9,0.25
2021,Ohio State Buckeyes,12,10,2,0.8333333333333334
2021,Oklahoma Sooners,12,10,2,0.8333333333333334
2021,Oklahoma State Cowboys,13,11,2,0.8461538461538461
2021,Old Dominion Monarchs,12,6,6,0.5
2021,Ole Miss Rebels,12,10,2,0.8333333333333334
2021,Oregon Ducks,13,10,3,0.7692307692307693
2021,Oregon State Beavers,12,7,5,0.5833333333333334
2021,Penn State Nittany Lions,12,7,5,0.5833333333333334
2021,Pittsburgh Panthers,13,11,2,0.8461538461538461
2021,Portland State Vikings,2,0,2,0
2021,Prairie View A&M Panthers,1,0,1,0
2021,Purdue Boilermakers,12,8,4,0.6666666666666666
2021,Rhode Island Rams,1,1,0,1
2021,Rice Owls,12,4,8,0.3333333333333333
2021,Richmond Spiders,1,0,1,0
2021,Robert Morris Colonials,1,0,1,0
2021,Rutgers Scarlet Knights,12,5,7,0.4166666666666667
2021,SE Louisiana Lions,1,0,1,0
2021,SMU Mustangs,12,8,4,0.6666666666666666
2021,Sacramento State Hornets,1,0,1,0
2021,Samford Bulldogs,1,0,1,0
2021,San Diego State Aztecs,13,11,2,0.8461538461538461
2021,San José State Spartans,12,5,7,0.4166666666666667
2021,South Alabama Jaguars,12,5,7,0.4166666666666667
2021,South Carolina Gamecocks,12,6,6,0.5
2021,South Carolina State Bulldogs,2,0,2,0
2021,South Dakota Coyotes,1,0,1,0
2021,South Dakota State Jackrabbits,1,1,0,1
2021,South Florida Bulls,12,2,10,0.16666666666666666
2021,Southeast Missouri State Redhawks,1,0,1,0
2021,Southern Illinois Salukis,1,0,1,0
2021,Southern Jaguars,1,0,1,0
2021,Southern Miss Golden Eagles,12,3,9,0.25
2021,Southern Utah Thunderbirds,2,0,2,0
2021,St. Francis (PA) Red Flash,1,0,1,0
2021,Stanford Cardinal,12,3,9,0.25
2021,Stephen F. Austin Lumberjacks,1,0,1,0
2021,Stony Brook Seawolves,1,0,1,0
2021,Syracuse Orange,12,5,7,0.4166666666666667
2021,TCU Horned Frogs,12,5,7,0.4166666666666667
2021,Temple Owls,12,3,9,0.25
2021,Tennessee State Tigers,1,0,1,0
2021,Tennessee Tech Golden Eagles,1,0,1,0
2021,Tennessee Volunteers,12,7,5,0.5833333333333334
2021,Texas A&M Aggies,12,8,4,0.6666666666666666
2021,Texas Longhorns,12,5,7,0.4166666666666667
2021,Texas Southern Tigers,2,0,2,0
2021,Texas State Bobcats,12,4,8,0.3333333333333333
2021,Texas Tech Red Raiders,12,6,6,0.5
2021,The Citadel Bulldogs,1,0,1,0
2021,Toledo Rockets,12,7,5,0.5833333333333334
2021,Towson Tigers,1,0,1,0
2021,Troy Trojans,12,5,7,0.4166666666666667
2021,Tulane Green Wave,12,2,10,0.16666666666666666
2021,Tulsa Golden Hurricane,12,6,6,0.5
2021,UAB Blazers,12,8,4,0.6666666666666666
2021,UC Davis Aggies,1,1,0,1
2021,UCF Knights,12,8,4,0.6666666666666666
2021,UCLA Bruins,12,8,4,0.6666666666666666
2021,UConn Huskies,12,1,11,0.08333333333333333
2021,UL Monroe Warhawks,12,4,8,0.3333333333333333
2021,UNLV Rebels,12,2,10,0.16666666666666666
2021,USC Trojans,12,4,8,0.3333333333333333
2021,UT Martin Skyhawks,1,0,1,0
2021,UTEP Miners,12,7,5,0.5833333333333334
2021,UTSA Roadrunners,13,12,1,0.9230769230769231
2021,Utah State Aggies,13,10,3,0.7692307692307693
2021,Utah Utes,13,10,3,0.7692307692307693
2021,VMI Keydets,1,0,1,0
2021,Vanderbilt Commodores,12,2,10,0.16666666666666666
2021,Villanova Wildcats,1,0,1,0
2021,Virginia Cavaliers,12,6,6,0.5
2021,Virginia Tech Hokies,12,6,6,0.5
2021,Wagner Seahawks,2,0,2,0
2021,Wake Forest Demon Deacons,13,10,3,0.7692307692307693
2021,Washington Huskies,12,4,8,0.3333333333333333
2021,Washington State Cougars,12,7,5,0.5833333333333334
2021,Weber State Wildcats,1,0,1,0
2021,West Virginia Mountaineers,12,6,6,0.5
2021,Western Carolina Catamounts,1,0,1,0
2021,Western Illinois Leathernecks,1,0,1,0
2021,Western Kentucky Hilltoppers,13,8,5,0.6153846153846154
2021,Western Michigan Broncos,12,7,5,0.5833333333333334
2021,William & Mary Tribe,1,0,1,0
2021,Wisconsin Badgers,12,8,4,0.6666666666666666
2021,Wofford Terriers,1,0,1,0
2021,Wyoming Cowboys,12,6,6,0.5
2021,Yale Bulldogs,1,0,1,0
2021,Youngstown State Penguins,1,0,1,0
2022,Abilene Christian Wildcats,1,0,1,0
2022,Air Force Falcons,12,9,3,0.75
2022,Akron Zips,12,2,10,0.16666666666666666
2022,Alabama A&M Bulldogs,2,0,2,0
2022,Alabama Crimson Tide,12,10,2,0.8333333333333334
2022,Alabama State Hornets,1,0,1,0
2022,Albany Great Danes,1,0,1,0
2022,Alcorn State Braves,1,0,1,0
2022,Appalachian State Mountaineers,12,6,6,0.5
2022,Arizona State Sun Devils,12,3,9,0.25
2022,Arizona Wildcats,12,5,7,0.4166666666666667
2022,Arkansas Razorbacks,12,6,6,0.5
2022,Arkansas State Red Wolves,12,3,9,0.25
2022,Arkansas-Pine Bluff Golden Lions,1,0,1,0
2022,Army Black Knights,12,6,6,0.5
2022,Auburn Tigers,12,5,7,0.4166666666666667
2022,Austin Peay Governors,2,0,2,0
2022,BYU Cougars,12,7,5,0.5833333333333334
2022,Ball State Cardinals,12,5,7,0.4166666666666667
2022,Baylor Bears,12,6,6,0.5
2022,Bethune-Cookman Wildcats,1,0,1,0
2022,Boise State Broncos,13,9,4,0.6923076923076923
2022,Boston College Eagles,12,3,9,0.25
2022,Bowling Green Falcons,12,6,6,0.5
2022,Bryant Bulldogs,1,0,1,0
2022,Bucknell Bison,1,0,1,0
2022,Buffalo Bulls,12,6,6,0.5
2022,Cal Poly Mustangs,1,0,1,0
2022,California Golden Bears,12,4,8,0.3333333333333333
2022,Campbell Fighting Camels,1,0,1,0
2022,Central Arkansas Bears,1,0,1,0
2022,Central Connecticut Blue Devils,1,0,1,0
2022,Central Michigan Chippewas,12,4,8,0.3333333333333333
2022,Charleston Southern Buccaneers,1,0,1,0
2022,Charlotte 49ers,12,3,9,0.25
2022,Chattanooga Mocs,1,0,1,0
2022,Cincinnati Bearcats,12,9,3,0.75
2022,Clemson Tigers,13,11,2,0.8461538461538461
2022,Coastal Carolina Chanticleers,12,9,3,0.75
2022,Colgate Raiders,2,0,2,0
2022,Colorado Buffaloes,12,1,11,0.08333333333333333
2022,Colorado State Rams,12,3,9,0.25
2022,Delaware Blue Hens,1,1,0,1
2022,Duke Blue Devils,12,8,4,0.6666666666666666
2022,Duquesne Dukes,2,0,2,0
2022,East Carolina Pirates,12,7,5,0.5833333333333334
2022,East Tennessee State Buccaneers,1,0,1,0
2022,Eastern Illinois Panthers,1,0,1,0
2022,Eastern Kentucky Colonels,2,1,1,0.5
2022,Eastern Michigan Eagles,12,8,4,0.6666666666666666
2022,Eastern Washington Eagles,2,0,2,0
2022,Elon Phoenix,1,0,1,0
2022,Florida A&M Rattlers,1,0,1,0
2022,Florida Atlantic Owls,12,5,7,0.4166666666666667
2022,Florida Gators,12,6,6,0.5
2022,Florida International Panthers,12,4,8,0.3333333333333333
2022,Florida State Seminoles,12,9,3,0.75
2022,Fordham Rams,1,0,1,0
2022,Fresno State Bulldogs,13,9,4,0.6923076923076923
2022,Furman Paladins,1,0,1,0
2022,Gardner-Webb Runnin' Bulldogs,3,0,3,0
2022,Georgia Bulldogs,13,13,0,1
2022,Georgia Southern Eagles,12,6,6,0.5
2022,Georgia State Panthers,12,4,8,0.3333333333333333
2022,Georgia Tech Yellow Jackets,12,5,7,0.4166666666666667
2022,Grambling Tigers,1,0,1,0
2022,Hawai'i Rainbow Warriors,13,3,10,0.23076923076923078
2022,Holy Cross Crusaders,1,1,0,1
2022,Houston Christian Huskies,1,0,1,0
2022,Houston Cougars,12,7,5,0.5833333333333334
2022,Howard Bison,1,0,1,0
2022,Idaho State Bengals,2,0,2,0
2022,Idaho Vandals,2,0,2,0
2022,Illinois Fighting Illini,12,8,4,0.6666666666666666
2022,Illinois State Redbirds,1,0,1,0
2022,Incarnate Word Cardinals,1,1,0,1
2022,Indiana Hoosiers,12,4,8,0.3333333333333333
2022,Indiana State Sycamores,1,0,1,0
2022,Iowa Hawkeyes,12,7,5,0.5833333333333334
2022,Iowa State Cyclones,12,4,8,0.3333333333333333
2022,Jacksonville State Gamecocks,1,0,1,0
2022,James Madison Dukes,11,8,3,0.7272727272727273
2022,Kansas Jayhawks,12,6,6,0.5
2022,Kansas State Wildcats,13,10,3,0.7692307692307693
2022,Kennesaw State Owls,1,0,1,0
2022,Kent State Golden Flashes,12,5,7,0.4166666666666667
2022,Kentucky Wildcats,12,7,5,0.5833333333333334
2022,LSU Tigers,13,9,4,0.6923076923076923
2022,Lafayette Leopards,1,0,1,0
2022,Lamar Cardinals,2,0,2,0
2022,Liberty Flames,12,8,4,0.6666666666666666
2022,Long Island University Sharks,2,0,2,0
2022,Louisiana Ragin' Cajuns,12,6,6,0.5
2022,Louisiana Tech Bulldogs,12,3,9,0.25
2022,Louisville Cardinals,12,7,5,0.5833333333333334
2022,Maine Black Bears,2,0,2,0
2022,Marshall Thundering Herd,12,8,4,0.6666666666666666
2022,Maryland Terrapins,12,7,5,0.5833333333333334
2022,Massachusetts Minutemen,12,1,11,0.08333333333333333
2022,McNeese Cowboys,1,0,1,0
2022,Memphis Tigers,12,6,6,0.5
2022,Mercer Bears,1,0,1,0
2022,Miami (OH) RedHawks,12,6,6,0.5
2022,Miami Hurricanes,12,5,7,0.4166666666666667
2022,Michigan State Spartans,12,5,7,0.4166666666666667
2022,Michigan Wolverines,13,13,0,1
2022,Middle Tennessee Blue Raiders,12,7,5,0.5833333333333334
2022,Minnesota Golden Gophers,12,8,4,0.6666666666666666
2022,Mississippi State Bulldogs,12,8,4,0.6666666666666666
2022,Missouri State Bears,1,0,1,0
2022,Missouri Tigers,12,6,6,0.5
2022,Montana State Bobcats,1,0,1,0
2022,Morgan State Bears,1,0,1,0
2022,Murray State Racers,2,0,2,0
2022,NC State Wolfpack,12,8,4,0.6666666666666666
2022,Navy Midshipmen,12,4,8,0.3333333333333333
2022,Nebraska Cornhuskers,12,4,8,0.3333333333333333
2022,Nevada Wolf Pack,12,2,10,0.16666666666666666
2022,New Hampshire Wildcats,1,0,1,0
2022,New Mexico Lobos,12,2,10,0.16666666666666666
2022,New Mexico State Aggies,12,6,6,0.5
2022,Nicholls Colonels,2,0,2,0
2022,Norfolk State Spartans,2,0,2,0
2022,North Alabama Lions,1,0,1,0
2022,North Carolina A&T Aggies,1,0,1,0
2022,North Carolina Tar Heels,13,9,4,0.6923076923076923
2022,North Dakota Fighting Hawks,1,0,1,0
2022,North Dakota State Bison,1,0,1,0
2022,North Texas Mean Green,13,7,6,0.5384615384615384
2022,Northern Arizona Lumberjacks,1,0,1,0
2022,Northern Colorado Bears,1,0,1,0
2022,Northern Illinois Huskies,12,3,9,0.25
2022,Northern Iowa Panthers,1,0,1,0
2022,Northwestern State Demons,1,0,1,0
2022,Northwestern Wildcats,12,1,11,0.08333333333333333
2022,Notre Dame Fighting Irish,12,8,4,0.6666666666666666
2022,Ohio Bobcats,13,9,4,0.6923076923076923
2022,Ohio State Buckeyes,12,11,1,0.9166666666666666
2022,Oklahoma Sooners,12,6,6,0.5
2022,Oklahoma State Cowboys,12,7,5,0.5833333333333334
2022,Old Dominion Monarchs,12,3,9,0.25
2022,Ole Miss Rebels,12,8,4,0.6666666666666666
2022,Oregon Ducks,12,9,3,0.75
2022,Oregon State Beavers,12,9,3,0.75
2022,Penn State Nittany Lions,12,10,2,0.8333333333333334
2022,Pittsburgh Panthers,12,8,4,0.6666666666666666
2022,Portland State Vikings,2,0,2,0
2022,Purdue Boilermakers,13,8,5,0.6153846153846154
2022,Rhode Island Rams,1,0,1,0
2022,Rice Owls,12,5,7,0.4166666666666667
2022,Richmond Spiders,1,0,1,0
2022,Robert Morris Colonials,2,0,2,0
2022,Rutgers Scarlet Knights,12,4,8,0.3333333333333333
2022,SE Louisiana Lions,2,0,2,0
2022,SMU Mustangs,12,7,5,0.5833333333333334
2022,Sacramento State Hornets,1,1,0,1
2022,Sam Houston Bearkats,1,0,1,0
2022,Samford Bulldogs,1,0,1,0
2022,San Diego State Aztecs,12,7,5,0.5833333333333334
2022,San José State Spartans,11,7,4,0.6363636363636364
2022,South Alabama Jaguars,12,10,2,0.8333333333333334
2022,South Carolina Gamecocks,12,8,4,0.6666666666666666
2022,South Carolina State Bulldogs,2,0,2,0
2022,South Dakota Coyotes,1,0,1,0
2022,South Dakota State Jackrabbits,1,0,1,0
2022,South Florida Bulls,12,1,11,0.08333333333333333
2022,Southeast Missouri State Redhawks,1,0,1,0
2022,Southern Illinois Salukis,1,1,0,1
2022,Southern Jaguars,1,0,1,0
2022,Southern Miss Golden Eagles,12,6,6,0.5
2022,Southern Utah Thunderbirds,1,0,1,0
2022,St. Francis (PA) Red Flash,1,0,1,0
2022,Stanford Cardinal,12,3,9,0.25
2022,Stephen F. Austin Lumberjacks,1,0,1,0
2022,Stony Brook Seawolves,1,0,1,0
2022,Syracuse Orange,12,7,5,0.5833333333333334
2022,TCU Horned Frogs,13,12,1,0.9230769230769231
2022,Tarleton Texans,1,0,1,0
2022,Temple Owls,12,3,9,0.25
2022,Tennessee State Tigers,1,0,1,0
2022,Tennessee Tech Golden Eagles,1,0,1,0
2022,Tennessee Volunteers,12,10,2,0.8333333333333334
2022,Texas A&M Aggies,12,5,7,0.4166666666666667
2022,Texas Longhorns,12,8,4,0.6666666666666666
2022,Texas Southern Tigers,2,0,2,0
2022,Texas State Bobcats,12,4,8,0.3333333333333333
2022,Texas Tech Red Raiders,12,7,5,0.5833333333333334
2022,The Citadel Bulldogs,1,0,1,0
2022,Toledo Rockets,13,8,5,0.6153846153846154
2022,Towson Tigers,1,0,1,0
2022,Troy Trojans,13,11,2,0.8461538461538461
2022,Tulane Green Wave,13,11,2,0.8461538461538461
2022,Tulsa Golden Hurricane,12,5,7,0.4166666666666667
2022,UAB Blazers,12,6,6,0.5
2022,UC Davis Aggies,1,0,1,0
2022,UCF Knights,13,9,4,0.6923076923076923
2022,UCLA Bruins,12,9,3,0.75
2022,UConn Huskies,12,6,6,0.5
2022,UL Monroe Warhawks,12,4,8,0.3333333333333333
2022,UNLV Rebels,12,5,7,0.4166666666666667
2022,USC Trojans,13,11,2,0.8461538461538461
2022,UT Martin Skyhawks,2,0,2,0
2022,UTEP Miners,12,5,7,0.4166666666666667
2022,UTSA Roadrunners,13,11,2,0.8461538461538461
2022,Utah State Aggies,12,6,6,0.5
2022,Utah Tech Trailblazers,1,0,1,0
2022,Utah Utes,13,10,3,0.7692307692307693
2022,VMI Keydets,1,0,1,0
2022,Valparaiso Beacons,1,0,1,0
2022,Vanderbilt Commodores,12,5,7,0.4166666666666667
2022,Villanova Wildcats,1,0,1,0
2022,Virginia Cavaliers,10,3,7,0.3
2022,Virginia Tech Hokies,11,3,8,0.2727272727272727
2022,Wagner Seahawks,2,0,2,0
2022,Wake Forest Demon Deacons,12,7,5,0.5833333333333334
2022,Washington Huskies,12,10,2,0.8333333333333334
2022,Washington State Cougars,12,7,5,0.5833333333333334
2022,Weber State Wildcats,1,1,0,1
2022,West Virginia Mountaineers,12,5,7,0.4166666666666667
2022,Western Carolina Catamounts,1,0,1,0
2022,Western Illinois Leathernecks,1,0,1,0
2022,Western Kentucky Hilltoppers,13,8,5,0.6153846153846154
2022,Western Michigan Broncos,12,5,7,0.4166666666666667
2022,William & Mary Tribe,1,1,0,1
2022,Wisconsin Badgers,12,6,6,0.5
2022,Wofford Terriers,1,0,1,0
2022,Wyoming Cowboys,12,7,5,0.5833333333333334
2022,Youngstown State Penguins,1,0,1,0
2023,Abilene Christian Wildcats,2,0,2,0
2023,Air Force Falcons,12,8,4,0.6666666666666666
2023,Akron Zips,12,2,10,0.16666666666666666
2023,Alabama A&M Bulldogs,1,0,1,0
2023,Alabama Crimson Tide,13,12,1,0.9230769230769231
2023,Alcorn State Braves,1,0,1,0
2023,Appalachian State Mountaineers,13,8,5,0.6153846153846154
2023,Arizona State Sun Devils,12,3,9,0.25
2023,Arizona Wildcats,12,9,3,0.75
2023,Arkansas Razorbacks,12,4,8,0.3333333333333333
2023,Arkansas State Red Wolves,12,6,6,0.5
2023,Arkansas-Pine Bluff Golden Lions,1,0,1,0
2023,Army Black Knights,12,6,6,0.5
2023,Auburn Tigers,12,6,6,0.5
2023,Austin Peay Governors,1,0,1,0
2023,BYU Cougars,12,5,7,0.4166666666666667
2023,Ball State Cardinals,12,4,8,0.3333333333333333
2023,Baylor Bears,12,3,9,0.25
2023,Bethune-Cookman Wildcats,2,0,2,0
2023,Boise State Broncos,13,8,5,0.6153846153846154
2023,Boston College Eagles,12,6,6,0.5
2023,Bowling Green Falcons,12,7,5,0.5833333333333334
2023,Bryant Bulldogs,1,0,1,0
2023,Bucknell Bison,1,0,1,0
2023,Buffalo Bulls,12,3,9,0.25
2023,Cal Poly Mustangs,1,0,1,0
2023,California Golden Bears,12,6,6,0.5
2023,Campbell Fighting Camels,1,0,1,0
2023,Central Arkansas Bears,1,0,1,0
2023,Central Connecticut Blue Devils,1,0,1,0
2023,Central Michigan Chippewas,12,5,7,0.4166666666666667
2023,Charleston Southern Buccaneers,1,0,1,0
2023,Charlotte 49ers,12,3,9,0.25
2023,Chattanooga Mocs,1,0,1,0
2023,Cincinnati Bearcats,12,3,9,0.25
2023,Clemson Tigers,12,8,4,0.6666666666666666
2023,Coastal Carolina Chanticleers,12,7,5,0.5833333333333334
2023,Colgate Raiders,1,0,1,0
2023,Colorado Buffaloes,12,4,8,0.3333333333333333
2023,Colorado State Rams,12,5,7,0.4166666666666667
2023,Delaware Blue Hens,1,0,1,0
2023,Delaware State Hornets,2,0,2,0
2023,Duke Blue Devils,12,7,5,0.5833333333333334
2023,Duquesne Dukes,2,0,2,0
2023,East Carolina Pirates,12,2,10,0.16666666666666666
2023,East Tennessee State Buccaneers,1,0,1,0
2023,Eastern Illinois Panthers,1,0,1,0
2023,Eastern Kentucky Colonels,2,0,2,0
2023,Eastern Michigan Eagles,12,6,6,0.5
2023,Eastern Washington Eagles,1,0,1,0
2023,Elon Phoenix,1,0,1,0
2023,Florida A&M Rattlers,1,0,1,0
2023,Florida Atlantic Owls,12,4,8,0.3333333333333333
2023,Florida Gators,12,5,7,0.4166666666666667
2023,Florida International Panthers,12,4,8,0.3333333333333333
2023,Florida State Seminoles,13,13,0,1
2023,Fordham Rams,1,1,0,1
2023,Fresno State Bulldogs,12,8,4,0.6666666666666666
2023,Furman Paladins,1,0,1,0
2023,Gardner-Webb Runnin' Bulldogs,2,0,2,0
2023,Georgia Bulldogs,13,12,1,0.9230769230769231
2023,Georgia Southern Eagles,12,6,6,0.5
2023,Georgia State Panthers,12,6,6,0.5
2023,Georgia Tech Yellow Jackets,12,6,6,0.5
2023,Grambling Tigers,1,0,1,0
2023,Hawai'i Rainbow Warriors,13,5,8,0.38461538461538464
2023,Holy Cross Crusaders,2,0,2,0
2023,Houston Christian Huskies,1,0,1,0
2023,Houston Cougars,12,4,8,0.3333333333333333
2023,Howard Bison,2,0,2,0
2023,Idaho State Bengals,2,0,2,0
2023,Idaho Vandals,2,1,1,0.5
2023,Illinois Fighting Illini,12,5,7,0.4166666666666667
2023,Incarnate Word Cardinals,1,0,1,0
2023,Indiana Hoosiers,12,3,9,0.25
2023,Indiana State Sycamores,2,0,2,0
2023,Iowa Hawkeyes,13,10,3,0.7692307692307693
2023,Iowa State Cyclones,12,7,5,0.5833333333333334
2023,Jackson State Tigers,1,0,1,0
2023,Jacksonville State Gamecocks,12,8,4,0.6666666666666666
2023,James Madison Dukes,12,11,1,0.9166666666666666
2023,Kansas Jayhawks,12,8,4,0.6666666666666666
2023,Kansas State Wildcats,12,8,4,0.6666666666666666
2023,Kennesaw State Owls,1,0,1,0
2023,Kent State Golden Flashes,12,1,11,0.08333333333333333
2023,Kentucky Wildcats,12,7,5,0.5833333333333334
2023,LSU Tigers,12,9,3,0.75
2023,Lafayette Leopards,1,0,1,0
2023,Lamar Cardinals,1,0,1,0
2023,Liberty Flames,13,13,0,1
2023,Long Island University Sharks,2,0,2,0
2023,Louisiana Ragin' Cajuns,12,6,6,0.5
2023,Louisiana Tech Bulldogs,12,3,9,0.25
2023,Louisville Cardinals,13,10,3,0.7692307692307693
2023,Maine Black Bears,1,0,1,0
2023,Marshall Thundering Herd,12,6,6,0.5
2023,Maryland Terrapins,12,7,5,0.5833333333333334
2023,Massachusetts Minutemen,12,3,9,0.25
2023,McNeese Cowboys,1,0,1,0
2023,Memphis Tigers,12,9,3,0.75
2023,Mercer Bears,1,0,1,0
2023,Merrimack Warriors,1,0,1,0
2023,Miami (OH) RedHawks,13,11,2,0.8461538461538461
2023,Miami Hurricanes,12,7,5,0.5833333333333334
2023,Michigan State Spartans,12,4,8,0.3333333333333333
2023,Michigan Wolverines,13,13,0,1
2023,Middle Tennessee Blue Raiders,12,4,8,0.3333333333333333
2023,Minnesota Golden Gophers,12,5,7,0.4166666666666667
2023,Mississippi State Bulldogs,12,5,7,0.4166666666666667
2023,Missouri State Bears,1,0,1,0
2023,Missouri Tigers,12,10,2,0.8333333333333334
2023,Monmouth Hawks,1,0,1,0
2023,Morgan State Bears,1,0,1,0
2023,Murray State Racers,2,0,2,0
2023,NC State Wolfpack,12,9,3,0.75
2023,Navy Midshipmen,12,5,7,0.4166666666666667
2023,Nebraska Cornhuskers,12,5,7,0.4166666666666667
2023,Nevada Wolf Pack,12,2,10,0.16666666666666666
2023,New Hampshire Wildcats,1,0,1,0
2023,New Mexico Lobos,12,4,8,0.3333333333333333
2023,New Mexico State Aggies,14,10,4,0.7142857142857143
2023,Nicholls Colonels,2,0,2,0
2023,Norfolk State Spartans,1,0,1,0
2023,North Alabama Lions,1,0,1,0
2023,North Carolina A&T Aggies,1,0,1,0
2023,North Carolina Central Eagles,1,0,1,0
2023,North Carolina Tar Heels,12,8,4,0.6666666666666666
2023,North Dakota Fighting Hawks,1,0,1,0
2023,North Texas Mean Green,12,5,7,0.4166666666666667
2023,Northern Arizona Lumberjacks,1,0,1,0
2023,Northern Colorado Bears,1,0,1,0
2023,Northern Illinois Huskies,12,6,6,0.5
2023,Northern Iowa Panthers,1,0,1,0
2023,Northwestern State Demons,2,0,2,0
2023,Northwestern Wildcats,12,7,5,0.5833333333333334
2023,Notre Dame Fighting Irish,12,9,3,0.75
2023,Ohio Bobcats,12,9,3,0.75
2023,Ohio State Buckeyes,12,11,1,0.9166666666666666
2023,Oklahoma Sooners,12,10,2,0.8333333333333334
2023,Oklahoma State Cowboys,13,9,4,0.6923076923076923
2023,Old Dominion Monarchs,12,6,6,0.5
2023,Ole Miss Rebels,12,10,2,0.8333333333333334
2023,Oregon Ducks,13,11,2,0.8461538461538461
2023,Oregon State Beavers,12,8,4,0.6666666666666666
2023,Penn State Nittany Lions,12,10,2,0.8333333333333334
2023,Pittsburgh Panthers,12,3,9,0.25
2023,Portland State Vikings,2,0,2,0
2023,Prairie View A&M Panthers,1,0,1,0
2023,Purdue Boilermakers,12,4,8,0.3333333333333333
2023,Rhode Island Rams,1,0,1,0
2023,Rice Owls,12,6,6,0.5
2023,Richmond Spiders,1,0,1,0
2023,Robert Morris Colonials,1,0,1,0
2023,Rutgers Scarlet Knights,12,6,6,0.5
2023,SE Louisiana Lions,2,0,2,0
2023,SMU Mustangs,13,11,2,0.8461538461538461
2023,Sacramento State Hornets,1,1,0,1
2023,Sacred Heart Pioneers,1,0,1,0
2023,Sam Houston Bearkats,12,3,9,0.25
2023,Samford Bulldogs,1,0,1,0
2023,San Diego State Aztecs,12,4,8,0.3333333333333333
2023,San José State Spartans,12,7,5,0.5833333333333334
2023,South Alabama Jaguars,12,6,6,0.5
2023,South Carolina Gamecocks,12,5,7,0.4166666666666667
2023,South Carolina State Bulldogs,2,0,2,0
2023,South Dakota Coyotes,1,0,1,0
2023,South Florida Bulls,12,6,6,0.5
2023,Southeast Missouri State Redhawks,1,0,1,0
2023,Southern Illinois Salukis,1,1,0,1
2023,Southern Miss Golden Eagles,12,3,9,0.25
2023,Southern Utah Thunderbirds,2,0,2,0
2023,St. Francis (PA) Red Flash,1,0,1,0
2023,Stanford Cardinal,12,3,9,0.25
2023,Stephen F. Austin Lumberjacks,1,0,1,0
2023,Stony Brook Seawolves,1,0,1,0
2023,Syracuse Orange,12,6,6,0.5
2023,TCU Horned Frogs,12,5,7,0.4166666666666667
2023,Tarleton State Texans,1,0,1,0
2023,Temple Owls,12,3,9,0.25
2023,Tennessee State Tigers,1,0,1,0
2023,Tennessee Tech Golden Eagles,1,0,1,0
2023,Tennessee Volunteers,12,8,4,0.6666666666666666
2023,Texas A&M Aggies,12,7,5,0.5833333333333334
2023,Texas A&M-Commerce Lions,1,0,1,0
2023,Texas Longhorns,13,12,1,0.9230769230769231
2023,Texas Southern Tigers,2,0,2,0
2023,Texas State Bobcats,12,7,5,0.5833333333333334
2023,Texas Tech Red Raiders,12,6,6,0.5
2023,The Citadel Bulldogs,1,0,1,0
2023,Toledo Rockets,13,11,2,0.8461538461538461
2023,Towson Tigers,1,0,1,0
2023,Troy Trojans,13,11,2,0.8461538461538461
2023,Tulane Green Wave,13,11,2,0.8461538461538461
2023,Tulsa Golden Hurricane,12,4,8,0.3333333333333333
2023,UAB Blazers,12,4,8,0.3333333333333333
2023,UAlbany Great Danes,2,0,2,0
2023,UC Davis Aggies,1,0,1,0
2023,UCF Knights,12,6,6,0.5
2023,UCLA Bruins,12,7,5,0.5833333333333334
2023,UConn Huskies,12,3,9,0.25
2023,UL Monroe Warhawks,12,2,10,0.16666666666666666
2023,UNLV Rebels,13,9,4,0.6923076923076923
2023,USC Trojans,12,7,5,0.5833333333333334
2023,UT Martin Skyhawks,1,0,1,0
2023,UTEP Miners,12,3,9,0.25
2023,UTSA Roadrunners,12,8,4,0.6666666666666666
2023,Utah State Aggies,12,6,6,0.5
2023,Utah Tech Trailblazers,1,0,1,0
2023,Utah Utes,12,8,4,0.6666666666666666
2023,VMI Keydets,1,0,1,0
2023,Vanderbilt Commodores,12,2,10,0.16666666666666666
2023,Villanova Wildcats,1,0,1,0
2023,Virginia Cavaliers,12,3,9,0.25
2023,Virginia Tech Hokies,12,6,6,0.5
2023,Wagner Seahawks,2,0,2,0
2023,Wake Forest Demon Deacons,12,4,8,0.3333333333333333
2023,Washington Huskies,13,13,0,1
2023,Washington State Cougars,12,5,7,0.4166666666666667
2023,Weber State Wildcats,1,0,1,0
2023,West Virginia Mountaineers,12,8,4,0.6666666666666666
2023,Western Carolina Catamounts,1,0,1,0
2023,Western Illinois Leathernecks,1,0,1,0
2023,Western Kentucky Hilltoppers,12,7,5,0.5833333333333334
2023,Western Michigan Broncos,12,4,8,0.3333333333333333
2023,William & Mary Tribe,1,0,1,0
2023,Wisconsin Badgers,12,7,5,0.5833333333333334
2023,Wofford Terriers,1,0,1,0
2023,Wyoming Cowboys,12,8,4,0.6666666666666666
2023,Youngstown State Penguins,1,0,1,0
2024,Air Force Falcons,1,0,1,0
2024,Akron Zips,3,2,1,0.6666666666666666
2024,Alabama Crimson Tide,10,7,3,0.7
2024,Alcorn State Braves,1,0,1,0
2024,App State Mountaineers,2,0,2,0
2024,Arizona State Sun Devils,5,5,0,1
2024,Arizona Wildcats,5,3,2,0.6
2024,Arkansas Razorbacks,7,2,5,0.2857142857142857
2024,Arkansas State Red Wolves,2,0,2,0
2024,Arkansas-Pine Bluff Golden Lions,1,0,1,0
2024,Army Black Knights,6,4,2,0.6666666666666666
2024,Auburn Tigers,4,1,3,0.25
2024,BYU Cougars,9,7,2,0.7777777777777778
2024,Ball State Cardinals,4,0,4,0
2024,Baylor Bears,3,0,3,0
2024,Boise State Broncos,11,10,1,0.9090909090909091
2024,Boston College Eagles,6,1,5,0.16666666666666666
2024,Bowling Green Falcons,6,3,3,0.5
2024,Buffalo Bulls,9,6,3,0.6666666666666666
2024,California Golden Bears,4,1,3,0.25
2024,Central Connecticut Blue Devils,1,0,1,0
2024,Central Michigan Chippewas,5,2,3,0.4
2024,Charlotte 49ers,2,0,2,0
2024,Cincinnati Bearcats,1,1,0,1
2024,Clemson Tigers,8,7,1,0.875
2024,Coastal Carolina Chanticleers,3,2,1,0.6666666666666666
2024,Colorado Buffaloes,6,4,2,0.6666666666666666
2024,Colorado State Rams,2,2,0,1
2024,Delaware State Hornets,1,0,1,0
2024,Duke Blue Devils,4,2,2,0.5
2024,Duquesne Dukes,1,0,1,0
2024,East Carolina Pirates,4,2,2,0.5
2024,Eastern Illinois Panthers,1,0,1,0
2024,Eastern Michigan Eagles,2,0,2,0
2024,Florida A&M Rattlers,1,0,1,0
2024,Florida Atlantic Owls,2,0,2,0
2024,Florida Gators,5,2,3,0.4
2024,Florida International Panthers,4,1,3,0.25
2024,Florida State Seminoles,6,0,6,0
2024,Fordham Rams,1,0,1,0
2024,Fresno State Bulldogs,1,1,0,1
2024,Georgia Bulldogs,12,10,2,0.8333333333333334
2024,Georgia Southern Eagles,2,0,2,0
2024,Georgia State Panthers,2,0,2,0
2024,Georgia Tech Yellow Jackets,8,3,5,0.375
2024,Hawai'i Rainbow Warriors,2,1,1,0.5
2024,Houston Cougars,5,2,3,0.4
2024,Howard Bison,1,0,1,0
2024,Illinois Fighting Illini,9,6,3,0.6666666666666666
2024,Indiana Hoosiers,9,8,1,0.8888888888888888
2024,Iowa Hawkeyes,5,2,3,0.4
2024,Iowa State Cyclones,9,6,3,0.6666666666666666
2024,Jackson State Tigers,1,0,1,0
2024,Jacksonville State Gamecocks,7,5,2,0.7142857142857143
2024,James Madison Dukes,2,2,0,1
2024,Kansas Jayhawks,7,4,3,0.5714285714285714
2024,Kansas State Wildcats,9,6,3,0.6666666666666666
2024,Kennesaw State Owls,4,1,3,0.25
2024,Kent State Golden Flashes,6,0,6,0
2024,Kentucky Wildcats,4,1,3,0.25
2024,LSU Tigers,8,6,2,0.75
2024,Lafayette Leopards,1,0,1,0
2024,Liberty Flames,4,1,3,0.25
2024,Lindenwood Lions,1,0,1,0
2024,Louisiana Ragin' Cajuns,2,1,1,0.5
2024,Louisiana Tech Bulldogs,5,2,3,0.4
2024,Louisville Cardinals,7,4,3,0.5714285714285714
2024,Maine Black Bears,1,0,1,0
2024,Marshall Thundering Herd,3,2,1,0.6666666666666666
2024,Maryland Terrapins,5,1,4,0.2
2024,Massachusetts Minutemen,4,0,4,0
2024,Memphis Tigers,3,3,0,1
2024,Mercer Bears,1,0,1,0
2024,Miami (OH) RedHawks,7,4,3,0.5714285714285714
2024,Miami Hurricanes,11,9,2,0.8181818181818182
2024,Michigan State Spartans,4,1,3,0.25
2024,Michigan Wolverines,9,4,5,0.4444444444444444
2024,Middle Tennessee Blue Raiders,4,1,3,0.25
2024,Minnesota Golden Gophers,6,3,3,0.5
2024,Mississippi State Bulldogs,6,0,6,0
2024,Missouri Tigers,8,6,2,0.75
2024,Montana State Bobcats,1,1,0,1
2024,Murray State Racers,1,0,1,0
2024,NC State Wolfpack,5,2,3,0.4
2024,Navy Midshipmen,3,2,1,0.6666666666666666
2024,Nebraska Cornhuskers,6,2,4,0.3333333333333333
2024,Nevada Wolf Pack,3,0,3,0
2024,New Hampshire Wildcats,1,0,1,0
2024,New Mexico Lobos,3,2,1,0.6666666666666666
2024,New Mexico State Aggies,4,1,3,0.25
2024,Nicholls Colonels,1,0,1,0
2024,North Carolina A&T Aggies,1,0,1,0
2024,North Carolina Tar Heels,4,2,2,0.5
2024,North Dakota State Bison,1,0,1,0
2024,North Texas Mean Green,2,0,2,0
2024,Northern Arizona Lumberjacks,1,0,1,0
2024,Northern Illinois Huskies,6,4,2,0.6666666666666666
2024,Northern Iowa Panthers,1,0,1,0
2024,Northwestern State Demons,2,0,2,0
2024,Northwestern Wildcats,5,2,3,0.4
2024,Notre Dame Fighting Irish,11,10,1,0.9090909090909091
2024,Ohio Bobcats,6,6,0,1
2024,Ohio State Buckeyes,11,9,2,0.8181818181818182
2024,Oklahoma Sooners,8,5,3,0.625
2024,Oklahoma State Cowboys,6,2,4,0.3333333333333333
2024,Old Dominion Monarchs,1,1,0,1
2024,Ole Miss Rebels,11,8,3,0.7272727272727273
2024,Oregon Ducks,12,12,0,1
2024,Oregon State Beavers,2,0,2,0
2024,Penn State Nittany Lions,12,10,2,0.8333333333333334
2024,Pittsburgh Panthers,5,3,2,0.6
2024,Purdue Boilermakers,9,0,9,0
2024,Rice Owls,1,0,1,0
2024,Rutgers Scarlet Knights,3,2,1,0.6666666666666666
2024,SE Louisiana Lions,1,0,1,0
2024,SMU Mustangs,10,8,2,0.8
2024,Sacramento State Hornets,1,0,1,0
2024,Sam Houston Bearkats,5,4,1,0.8
2024,San Diego State Aztecs,2,0,2,0
2024,San José State Spartans,5,2,3,0.4
2024,South Alabama Jaguars,5,3,2,0.6
2024,South Carolina Gamecocks,5,2,3,0.4
2024,South Florida Bulls,3,1,2,0.3333333333333333
2024,Southern Utah Thunderbirds,1,0,1,0
2024,Stanford Cardinal,5,1,4,0.2
2024,Syracuse Orange,5,3,2,0.6
2024,TCU Horned Frogs,1,0,1,0
2024,Temple Owls,2,0,2,0
2024,Tennessee Tech Golden Eagles,1,0,1,0
2024,Tennessee Volunteers,11,9,2,0.8181818181818182
2024,Texas A&M Aggies,9,6,3,0.6666666666666666
2024,Texas Longhorns,12,10,2,0.8333333333333334
2024,Texas State Bobcats,4,2,2,0.5
2024,Texas Tech Red Raiders,3,2,1,0.6666666666666666
2024,The Citadel Bulldogs,1,0,1,0
2024,Toledo Rockets,4,2,2,0.5
2024,Troy Trojans,2,0,2,0
2024,Tulane Green Wave,6,2,4,0.3333333333333333
2024,Tulsa Golden Hurricane,3,1,2,0.3333333333333333
2024,UAB Blazers,1,1,0,1
2024,UCF Knights,4,1,3,0.25
2024,UCLA Bruins,5,1,4,0.2
2024,UConn Huskies,2,2,0,1
2024,UL Monroe Warhawks,2,1,1,0.5
2024,UNLV Rebels,6,3,3,0.5
2024,USC Trojans,7,3,4,0.42857142857142855
2024,UTEP Miners,5,1,4,0.2
2024,UTSA Roadrunners,3,2,1,0.6666666666666666
2024,Utah State Aggies,5,0,5,0
2024,Utah Utes,9,5,4,0.5555555555555556
2024,Vanderbilt Commodores,4,1,3,0.25
2024,Villanova Wildcats,1,0,1,0
2024,Virginia Cavaliers,6,2,4,0.3333333333333333
2024,Virginia Tech Hokies,3,2,1,0.6666666666666666
2024,Wake Forest Demon Deacons,5,1,4,0.2
2024,Washington Huskies,7,2,5,0.2857142857142857
2024,Washington State Cougars,3,1,2,0.3333333333333333
2024,West Virginia Mountaineers,2,0,2,0
2024,Western Carolina Catamounts,1,0,1,0
2024,Western Illinois Leathernecks,1,0,1,0
2024,Western Kentucky Hilltoppers,5,3,2,0.6
2024,Western Michigan Broncos,4,0,4,0
2024,Wisconsin Badgers,6,1,5,0.16666666666666666
2024,Wofford Terriers,1,0,1,0
2024,Wyoming Cowboys,2,0,2,0
2025,Air Force Falcons,2,1,1,0.5
2025,Akron Zips,4,2,2,0.5
2025,Alabama Crimson Tide,12,10,2,0.8333333333333334
2025,Alabama State Hornets,1,0,1,0
2025,App State Mountaineers,1,0,1,0
2025,Arizona State Sun Devils,5,2,3,0.4
2025,Arizona Wildcats,4,2,2,0.5
2025,Arkansas Razorbacks,6,0,6,0
2025,Arkansas State Red Wolves,3,1,2,0.3333333333333333
2025,Army Black Knights,4,1,3,0.25
2025,Auburn Tigers,7,1,6,0.14285714285714285
2025,Austin Peay Governors,1,0,1,0
2025,BYU Cougars,10,8,2,0.8
2025,Ball State Cardinals,1,1,0,1
2025,Baylor Bears,4,2,2,0.5
2025,Bethune-Cookman Wildcats,1,0,1,0
2025,Boise State Broncos,6,4,2,0.6666666666666666
2025,Boston College Eagles,5,0,5,0
2025,Bowling Green Falcons,5,2,3,0.4
2025,Buffalo Bulls,4,0,4,0
2025,California Golden Bears,4,2,2,0.5
2025,Central Arkansas Bears,1,0,1,0
2025,Central Michigan Chippewas,3,2,1,0.6666666666666666
2025,Charlotte 49ers,4,0,4,0
2025,Cincinnati Bearcats,6,3,3,0.5
2025,Clemson Tigers,5,3,2,0.6
2025,Coastal Carolina Chanticleers,1,1,0,1
2025,Colgate Raiders,1,0,1,0
2025,Colorado Buffaloes,4,1,3,0.25
2025,Colorado State Rams,3,1,2,0.3333333333333333
2025,Delaware Blue Hens,4,2,2,0.5
2025,Delaware State Hornets,1,0,1,0
2025,Duke Blue Devils,6,3,3,0.5
2025,East Carolina Pirates,4,2,2,0.5
2025,East Tennessee State Buccaneers,1,0,1,0
2025,East Texas A&M Lions,1,0,1,0
2025,Eastern Illinois Panthers,1,0,1,0
2025,Eastern Michigan Eagles,1,0,1,0
2025,Eastern Washington Eagles,1,0,1,0
2025,Elon Phoenix,1,0,1,0
2025,Florida Atlantic Owls,1,0,1,0
2025,Florida Gators,8,1,7,0.125
2025,Florida International Panthers,4,1,3,0.25
2025,Florida State Seminoles,5,2,3,0.4
2025,Fresno State Bulldogs,2,0,2,0
2025,Georgia Bulldogs,12,11,1,0.9166666666666666
2025,Georgia Southern Eagles,2,1,1,0.5
2025,Georgia State Panthers,2,0,2,0
2025,Georgia Tech Yellow Jackets,10,7,3,0.7
2025,Grambling Tigers,1,0,1,0
2025,Hawai'i Rainbow Warriors,2,1,1,0.5
2025,Houston Cougars,7,4,3,0.5714285714285714
2025,Idaho State Bengals,1,0,1,0
2025,Illinois Fighting Illini,9,5,4,0.5555555555555556
2025,Indiana Hoosiers,12,12,0,1
2025,Indiana State Sycamores,1,0,1,0
2025,Iowa Hawkeyes,6,2,4,0.3333333333333333
2025,Iowa State Cyclones,7,4,3,0.5714285714285714
2025,Jacksonville State Gamecocks,5,3,2,0.6
2025,James Madison Dukes,3,2,1,0.6666666666666666
2025,Kansas Jayhawks,4,1,3,0.25
2025,Kansas State Wildcats,6,1,5,0.16666666666666666
2025,Kennesaw State Owls,5,4,1,0.8
2025,Kent State Golden Flashes,6,2,4,0.3333333333333333
2025,Kentucky Wildcats,4,0,4,0
2025,LSU Tigers,9,4,5,0.4444444444444444
2025,Lafayette Leopards,1,0,1,0
2025,Liberty Flames,2,2,0,1
2025,Louisiana Ragin' Cajuns,1,1,0,1
2025,Louisiana Tech Bulldogs,4,1,3,0.25
2025,Louisville Cardinals,9,6,3,0.6666666666666666
2025,Marshall Thundering Herd,1,0,1,0
2025,Maryland Terrapins,4,2,2,0.5
2025,Massachusetts Minutemen,5,0,5,0
2025,Memphis Tigers,5,3,2,0.6
2025,Miami (OH) RedHawks,5,1,4,0.2
2025,Miami Hurricanes,11,9,2,0.8181818181818182
2025,Michigan State Spartans,3,1,2,0.3333333333333333
2025,Michigan Wolverines,9,6,3,0.6666666666666666
2025,Middle Tennessee Blue Raiders,3,0,3,0
2025,Minnesota Golden Gophers,5,3,2,0.6
2025,Mississippi State Bulldogs,6,1,5,0.16666666666666666
2025,Missouri State Bears,3,3,0,1
2025,Missouri Tigers,8,4,4,0.5
2025,NC State Wolfpack,6,4,2,0.6666666666666666
2025,Navy Midshipmen,5,4,1,0.8
2025,Nebraska Cornhuskers,5,1,4,0.2
2025,Nevada Wolf Pack,1,0,1,0
2025,New Mexico Lobos,3,2,1,0.6666666666666666
2025,New Mexico State Aggies,4,1,3,0.25
2025,North Carolina Tar Heels,4,1,3,0.25
2025,North Texas Mean Green,5,3,2,0.6
2025,Northern Illinois Huskies,5,1,4,0.2
2025,Northwestern Wildcats,4,1,3,0.25
2025,Notre Dame Fighting Irish,11,10,1,0.9090909090909091
2025,Ohio Bobcats,7,4,3,0.5714285714285714
2025,Ohio State Buckeyes,12,11,1,0.9166666666666666
2025,Oklahoma Sooners,11,9,2,0.8181818181818182
2025,Oklahoma State Cowboys,4,1,3,0.25
2025,Old Dominion Monarchs,1,1,0,1
2025,Ole Miss Rebels,11,10,1,0.9090909090909091
2025,Oregon Ducks,11,10,1,0.9090909090909091
2025,Oregon State Beavers,3,0,3,0
2025,Penn State Nittany Lions,6,2,4,0.3333333333333333
2025,Pittsburgh Panthers,5,2,3,0.4
2025,Purdue Boilermakers,5,0,5,0
2025,Rice Owls,2,1,1,0.5
2025,Rutgers Scarlet Knights,6,1,5,0.16666666666666666
2025,SE Louisiana Lions,1,0,1,0
2025,SMU Mustangs,4,2,2,0.5
2025,Saint Francis Red Flash,1,0,1,0
2025,Sam Houston Bearkats,6,0,6,0
2025,Samford Bulldogs,1,0,1,0
2025,San Diego State Aztecs,3,2,1,0.6666666666666666
2025,San José State Spartans,3,1,2,0.3333333333333333
2025,South Alabama Jaguars,4,1,3,0.25
2025,South Carolina Gamecocks,8,1,7,0.125
2025,South Carolina State Bulldogs,1,0,1,0
2025,South Florida Bulls,9,6,3,0.6666666666666666
2025,Southern Miss Golden Eagles,1,1,0,1
2025,Stanford Cardinal,3,0,3,0
2025,Stephen F. Austin Lumberjacks,1,0,1,0
2025,Stony Brook Seawolves,1,0,1,0
2025,Syracuse Orange,7,2,5,0.2857142857142857
2025,TCU Horned Frogs,4,2,2,0.5
2025,Tarleton State Texans,1,1,0,1
2025,Temple Owls,3,0,3,0
2025,Tennessee Volunteers,11,7,4,0.6363636363636364
2025,Texas A&M Aggies,11,10,1,0.9090909090909091
2025,Texas Longhorns,10,8,2,0.8
2025,Texas State Bobcats,1,0,1,0
2025,Texas Tech Red Raiders,11,10,1,0.9090909090909091
2025,The Citadel Bulldogs,1,0,1,0
2025,Toledo Rockets,2,2,0,1
2025,Troy Trojans,3,0,3,0
2025,Tulane Green Wave,5,3,2,0.6
2025,Tulsa Golden Hurricane,2,1,1,0.5
2025,UAB Blazers,3,1,2,0.3333333333333333
2025,UCF Knights,5,1,4,0.2
2025,UCLA Bruins,4,1,3,0.25
2025,UL Monroe Warhawks,2,1,1,0.5
2025,UNLV Rebels,3,2,1,0.6666666666666666
2025,USC Trojans,8,5,3,0.625
2025,UT Martin Skyhawks,1,0,1,0
2025,UTEP Miners,4,1,3,0.25
2025,UTSA Roadrunners,2,1,1,0.5
2025,Utah State Aggies,4,1,3,0.25
2025,Utah Utes,8,6,2,0.75
2025,Vanderbilt Commodores,10,8,2,0.8
2025,Villanova Wildcats,1,0,1,0
2025,Virginia Cavaliers,8,6,2,0.75
2025,Virginia Tech Hokies,5,2,3,0.4
2025,Wake Forest Demon Deacons,3,1,2,0.3333333333333333
2025,Washington Huskies,5,2,3,0.4
2025,Washington State Cougars,2,0,2,0
2025,West Virginia Mountaineers,4,2,2,0.5
2025,Western Illinois Leathernecks,2,0,2,0
2025,Western Kentucky Hilltoppers,4,3,1,0.75
2025,Western Michigan Broncos,6,4,2,0.6666666666666666
2025,Wisconsin Badgers,9,3,6,0.3333333333333333
2025,Wofford Terriers,1,0,1,0
2025,Wyoming Cowboys,2,1,1,0.5
